platform_post_id,source_post_id,platform,date,topic_title,asset_type,asset_brief,status,file_path,notes
Facebook_LINE001,LINE001,Facebook,2026-06-04,運動後局部痠痛的保守處理,image_card,Facebook 主圖或 3 張輪播。風格：運動後伸展、局部按摩、戶外或健身情境。,needed,,產出後需人工確認圖片/字幕沒有誇大療效。
Facebook_LINE002,LINE002,Facebook,2026-06-04,冬青油與清涼舒緩體感,image_card,Facebook 主圖或 3 張輪播。風格：產品特寫、成分植物、乾淨桌面、金色暖光。,needed,,產出後需人工確認圖片/字幕沒有誇大療效。
Facebook_LINE003,LINE003,Facebook,2026-06-05,早晨活動前的關節暖身,image_card,Facebook 主圖或 3 張輪播。風格：長輩日常、散步、溫暖居家光線。,needed,,產出後需人工確認圖片/字幕沒有誇大療效。
Facebook_LINE004,LINE004,Facebook,2026-06-05,不能擦在破皮或傷口,image_card,Facebook 主圖或 3 張輪播。風格：安全提醒圖卡、清楚 icon、紅黃綠分級。,needed,,產出後需人工確認圖片/字幕沒有誇大療效。
Facebook_LINE005,LINE005,Facebook,2026-06-06,芒種後濕熱生活保養,image_card,Facebook 主圖或 3 張輪播。風格：節氣自然景、草本、季節色彩。,needed,,產出後需人工確認圖片/字幕沒有誇大療效。
Facebook_LINE006,LINE006,Facebook,2026-06-06,久站後小腿不適舒緩,image_card,Facebook 主圖或 3 張輪播。風格：運動後伸展、局部按摩、戶外或健身情境。,needed,,產出後需人工確認圖片/字幕沒有誇大療效。
Facebook_LINE007,LINE007,Facebook,2026-06-07,你最常哪個部位緊繃,image_card,Facebook 主圖或 3 張輪播。風格：LINE 互動投票圖卡、問句大字、簡潔背景。,needed,,產出後需人工確認圖片/字幕沒有誇大療效。
Facebook_LINE008,LINE008,Facebook,2026-06-07,長輩外用膏使用安全,image_card,Facebook 主圖或 3 張輪播。風格：長輩日常、散步、溫暖居家光線。,needed,,產出後需人工確認圖片/字幕沒有誇大療效。
Facebook_LINE009,LINE009,Facebook,2026-06-08,低頭族肩頸緊繃的三個提醒,image_card,Facebook 主圖或 3 張輪播。風格：辦公室、肩頸伸展、清爽自然光。,needed,,產出後需人工確認圖片/字幕沒有誇大療效。
Facebook_LINE010,LINE010,Facebook,2026-06-08,薄荷腦帶來的涼感來源,image_card,Facebook 主圖或 3 張輪播。風格：產品特寫、成分植物、乾淨桌面、金色暖光。,needed,,產出後需人工確認圖片/字幕沒有誇大療效。
Facebook_LINE011,LINE011,Facebook,2026-06-09,夏季冷氣房的肩頸保養,image_card,Facebook 主圖或 3 張輪播。風格：節氣自然景、草本、季節色彩。,needed,,產出後需人工確認圖片/字幕沒有誇大療效。
Facebook_LINE012,LINE012,Facebook,2026-06-09,外用膏避免眼周與黏膜,image_card,Facebook 主圖或 3 張輪播。風格：安全提醒圖卡、清楚 icon、紅黃綠分級。,needed,,產出後需人工確認圖片/字幕沒有誇大療效。
Facebook_LINE013,LINE013,Facebook,2026-06-10,為什麼我們不說神效,image_card,Facebook 主圖或 3 張輪播。風格：藥證透明、標示檢查、品牌信任感。,needed,,產出後需人工確認圖片/字幕沒有誇大療效。
Facebook_LINE014,LINE014,Facebook,2026-06-10,你習慣運動前還是運動後保養,image_card,Facebook 主圖或 3 張輪播。風格：LINE 互動投票圖卡、問句大字、簡潔背景。,needed,,產出後需人工確認圖片/字幕沒有誇大療效。
Facebook_LINE015,LINE015,Facebook,2026-06-11,搬重物後腰背保養,image_card,Facebook 主圖或 3 張輪播。風格：運動後伸展、局部按摩、戶外或健身情境。,needed,,產出後需人工確認圖片/字幕沒有誇大療效。
Facebook_LINE016,LINE016,Facebook,2026-06-11,樟腦外用時的注意界線,image_card,Facebook 主圖或 3 張輪播。風格：產品特寫、成分植物、乾淨桌面、金色暖光。,needed,,產出後需人工確認圖片/字幕沒有誇大療效。
Facebook_LINE017,LINE017,Facebook,2026-06-12,輕微關節痠痛與疾病治療要分開,image_card,Facebook 主圖或 3 張輪播。風格：長輩日常、散步、溫暖居家光線。,needed,,產出後需人工確認圖片/字幕沒有誇大療效。
Facebook_LINE018,LINE018,Facebook,2026-06-12,不要搭配熱敷墊或電毯,image_card,Facebook 主圖或 3 張輪播。風格：安全提醒圖卡、清楚 icon、紅黃綠分級。,needed,,產出後需人工確認圖片/字幕沒有誇大療效。
Facebook_LINE019,LINE019,Facebook,2026-06-13,小暑前後活動舒適提醒,image_card,Facebook 主圖或 3 張輪播。風格：節氣自然景、草本、季節色彩。,needed,,產出後需人工確認圖片/字幕沒有誇大療效。
Facebook_LINE020,LINE020,Facebook,2026-06-13,爬山後腿部按摩提醒,image_card,Facebook 主圖或 3 張輪播。風格：運動後伸展、局部按摩、戶外或健身情境。,needed,,產出後需人工確認圖片/字幕沒有誇大療效。
Facebook_LINE021,LINE021,Facebook,2026-06-14,外用膏一次擦多少才剛好,image_card,Facebook 主圖或 3 張輪播。風格：LINE 互動投票圖卡、問句大字、簡潔背景。,needed,,產出後需人工確認圖片/字幕沒有誇大療效。
Facebook_LINE022,LINE022,Facebook,2026-06-14,散步後的膝周保養,image_card,Facebook 主圖或 3 張輪播。風格：長輩日常、散步、溫暖居家光線。,needed,,產出後需人工確認圖片/字幕沒有誇大療效。
Facebook_LINE023,LINE023,Facebook,2026-06-15,午休前的肩頸放鬆流程,image_card,Facebook 主圖或 3 張輪播。風格：辦公室、肩頸伸展、清爽自然光。,needed,,產出後需人工確認圖片/字幕沒有誇大療效。
Facebook_LINE024,LINE024,Facebook,2026-06-15,油膏劑為什麼適合局部按摩,image_card,Facebook 主圖或 3 張輪播。風格：產品特寫、成分植物、乾淨桌面、金色暖光。,needed,,產出後需人工確認圖片/字幕沒有誇大療效。
Facebook_LINE025,LINE025,Facebook,2026-06-16,大暑午後少久站硬撐,image_card,Facebook 主圖或 3 張輪播。風格：節氣自然景、草本、季節色彩。,needed,,產出後需人工確認圖片/字幕沒有誇大療效。
Facebook_LINE026,LINE026,Facebook,2026-06-16,不要密封包紮或大面積厚敷,image_card,Facebook 主圖或 3 張輪播。風格：安全提醒圖卡、清楚 icon、紅黃綠分級。,needed,,產出後需人工確認圖片/字幕沒有誇大療效。
Facebook_LINE027,LINE027,Facebook,2026-06-17,藥證可查代表什麼,image_card,Facebook 主圖或 3 張輪播。風格：藥證透明、標示檢查、品牌信任感。,needed,,產出後需人工確認圖片/字幕沒有誇大療效。
Facebook_LINE028,LINE028,Facebook,2026-06-17,涼感越強越有效嗎,image_card,Facebook 主圖或 3 張輪播。風格：LINE 互動投票圖卡、問句大字、簡潔背景。,needed,,產出後需人工確認圖片/字幕沒有誇大療效。
Facebook_LINE029,LINE029,Facebook,2026-06-18,重訓後肩背局部舒緩,image_card,Facebook 主圖或 3 張輪播。風格：運動後伸展、局部按摩、戶外或健身情境。,needed,,產出後需人工確認圖片/字幕沒有誇大療效。
Facebook_LINE030,LINE030,Facebook,2026-06-18,乙類成藥與一般保健品差異,image_card,Facebook 主圖或 3 張輪播。風格：產品特寫、成分植物、乾淨桌面、金色暖光。,needed,,產出後需人工確認圖片/字幕沒有誇大療效。
Facebook_LINE031,LINE031,Facebook,2026-06-19,天氣變化時的活動舒適感,image_card,Facebook 主圖或 3 張輪播。風格：長輩日常、散步、溫暖居家光線。,needed,,產出後需人工確認圖片/字幕沒有誇大療效。
Facebook_LINE032,LINE032,Facebook,2026-06-19,水楊酸或阿斯匹靈過敏者注意,image_card,Facebook 主圖或 3 張輪播。風格：安全提醒圖卡、清楚 icon、紅黃綠分級。,needed,,產出後需人工確認圖片/字幕沒有誇大療效。
Facebook_LINE033,LINE033,Facebook,2026-06-20,立秋後早晚溫差保養,image_card,Facebook 主圖或 3 張輪播。風格：節氣自然景、草本、季節色彩。,needed,,產出後需人工確認圖片/字幕沒有誇大療效。
Facebook_LINE034,LINE034,Facebook,2026-06-20,家事後手臂不適保養,image_card,Facebook 主圖或 3 張輪播。風格：運動後伸展、局部按摩、戶外或健身情境。,needed,,產出後需人工確認圖片/字幕沒有誇大療效。
Facebook_LINE035,LINE035,Facebook,2026-06-21,你有看過外用產品標示嗎,image_card,Facebook 主圖或 3 張輪播。風格：LINE 互動投票圖卡、問句大字、簡潔背景。,needed,,產出後需人工確認圖片/字幕沒有誇大療效。
Facebook_LINE036,LINE036,Facebook,2026-06-21,長輩按摩力道不要過重,image_card,Facebook 主圖或 3 張輪播。風格：長輩日常、散步、溫暖居家光線。,needed,,產出後需人工確認圖片/字幕沒有誇大療效。
Facebook_LINE037,LINE037,Facebook,2026-06-22,開會久坐後的腰背舒緩,image_card,Facebook 主圖或 3 張輪播。風格：辦公室、肩頸伸展、清爽自然光。,needed,,產出後需人工確認圖片/字幕沒有誇大療效。
Facebook_LINE038,LINE038,Facebook,2026-06-22,一條根外用膏的日常定位,image_card,Facebook 主圖或 3 張輪播。風格：產品特寫、成分植物、乾淨桌面、金色暖光。,needed,,產出後需人工確認圖片/字幕沒有誇大療效。
Facebook_LINE039,LINE039,Facebook,2026-06-23,處暑後運動暖身提醒,image_card,Facebook 主圖或 3 張輪播。風格：節氣自然景、草本、季節色彩。,needed,,產出後需人工確認圖片/字幕沒有誇大療效。
Facebook_LINE040,LINE040,Facebook,2026-06-23,兒童使用前的安全提醒,image_card,Facebook 主圖或 3 張輪播。風格：安全提醒圖卡、清楚 icon、紅黃綠分級。,needed,,產出後需人工確認圖片/字幕沒有誇大療效。
Facebook_LINE041,LINE041,Facebook,2026-06-24,外用膏廣告為什麼要保守,image_card,Facebook 主圖或 3 張輪播。風格：藥證透明、標示檢查、品牌信任感。,needed,,產出後需人工確認圖片/字幕沒有誇大療效。
Facebook_LINE042,LINE042,Facebook,2026-06-24,久坐族最想舒緩哪裡,image_card,Facebook 主圖或 3 張輪播。風格：LINE 互動投票圖卡、問句大字、簡潔背景。,needed,,產出後需人工確認圖片/字幕沒有誇大療效。
Facebook_LINE043,LINE043,Facebook,2026-06-25,跑步後膝周不適的保守提醒,image_card,Facebook 主圖或 3 張輪播。風格：運動後伸展、局部按摩、戶外或健身情境。,needed,,產出後需人工確認圖片/字幕沒有誇大療效。
Facebook_LINE044,LINE044,Facebook,2026-06-25,成分濃度為什麼要看標示,image_card,Facebook 主圖或 3 張輪播。風格：產品特寫、成分植物、乾淨桌面、金色暖光。,needed,,產出後需人工確認圖片/字幕沒有誇大療效。
Facebook_LINE045,LINE045,Facebook,2026-06-26,照顧爸媽時的外用提醒,image_card,Facebook 主圖或 3 張輪播。風格：長輩日常、散步、溫暖居家光線。,needed,,產出後需人工確認圖片/字幕沒有誇大療效。
Facebook_LINE046,LINE046,Facebook,2026-06-26,孕婦與哺乳族群先詢問專業人員,image_card,Facebook 主圖或 3 張輪播。風格：安全提醒圖卡、清楚 icon、紅黃綠分級。,needed,,產出後需人工確認圖片/字幕沒有誇大療效。
Facebook_LINE047,LINE047,Facebook,2026-06-27,白露時節關心長輩活動,image_card,Facebook 主圖或 3 張輪播。風格：節氣自然景、草本、季節色彩。,needed,,產出後需人工確認圖片/字幕沒有誇大療效。
Facebook_LINE048,LINE048,Facebook,2026-06-27,勞動後先休息再按摩,image_card,Facebook 主圖或 3 張輪播。風格：運動後伸展、局部按摩、戶外或健身情境。,needed,,產出後需人工確認圖片/字幕沒有誇大療效。
Facebook_LINE049,LINE049,Facebook,2026-06-28,長輩使用外用膏你會提醒什麼,image_card,Facebook 主圖或 3 張輪播。風格：LINE 互動投票圖卡、問句大字、簡潔背景。,needed,,產出後需人工確認圖片/字幕沒有誇大療效。
Facebook_LINE050,LINE050,Facebook,2026-06-28,日常活動舒適度的三個習慣,image_card,Facebook 主圖或 3 張輪播。風格：長輩日常、散步、溫暖居家光線。,needed,,產出後需人工確認圖片/字幕沒有誇大療效。
Facebook_LINE051,LINE051,Facebook,2026-06-29,下班前五分鐘伸展,image_card,Facebook 主圖或 3 張輪播。風格：辦公室、肩頸伸展、清爽自然光。,needed,,產出後需人工確認圖片/字幕沒有誇大療效。
Facebook_LINE052,LINE052,Facebook,2026-06-29,局部按摩和大面積厚敷的差別,image_card,Facebook 主圖或 3 張輪播。風格：產品特寫、成分植物、乾淨桌面、金色暖光。,needed,,產出後需人工確認圖片/字幕沒有誇大療效。
Facebook_LINE053,LINE053,Facebook,2026-06-30,秋分後外出前暖身,image_card,Facebook 主圖或 3 張輪播。風格：節氣自然景、草本、季節色彩。,needed,,產出後需人工確認圖片/字幕沒有誇大療效。
Facebook_LINE054,LINE054,Facebook,2026-06-30,症狀超過七天要停用並諮詢,image_card,Facebook 主圖或 3 張輪播。風格：安全提醒圖卡、清楚 icon、紅黃綠分級。,needed,,產出後需人工確認圖片/字幕沒有誇大療效。
Facebook_LINE055,LINE055,Facebook,2026-07-01,成分透明是基本功,image_card,Facebook 主圖或 3 張輪播。風格：藥證透明、標示檢查、品牌信任感。,needed,,產出後需人工確認圖片/字幕沒有誇大療效。
Facebook_LINE056,LINE056,Facebook,2026-07-01,一條根可以天天厚敷嗎,image_card,Facebook 主圖或 3 張輪播。風格：LINE 互動投票圖卡、問句大字、簡潔背景。,needed,,產出後需人工確認圖片/字幕沒有誇大療效。
Facebook_LINE057,LINE057,Facebook,2026-07-02,運動後不要立刻熱敷加藥膏,image_card,Facebook 主圖或 3 張輪播。風格：運動後伸展、局部按摩、戶外或健身情境。,needed,,產出後需人工確認圖片/字幕沒有誇大療效。
Facebook_LINE058,LINE058,Facebook,2026-07-02,使用前先小範圍測試,image_card,Facebook 主圖或 3 張輪播。風格：產品特寫、成分植物、乾淨桌面、金色暖光。,needed,,產出後需人工確認圖片/字幕沒有誇大療效。
Facebook_LINE059,LINE059,Facebook,2026-07-03,長輩使用前先看標示,image_card,Facebook 主圖或 3 張輪播。風格：長輩日常、散步、溫暖居家光線。,needed,,產出後需人工確認圖片/字幕沒有誇大療效。
Facebook_LINE060,LINE060,Facebook,2026-07-03,皮膚刺激時要停止使用,image_card,Facebook 主圖或 3 張輪播。風格：安全提醒圖卡、清楚 icon、紅黃綠分級。,needed,,產出後需人工確認圖片/字幕沒有誇大療效。
Facebook_LINE061,LINE061,Facebook,2026-07-04,寒露後肩背保養,image_card,Facebook 主圖或 3 張輪播。風格：節氣自然景、草本、季節色彩。,needed,,產出後需人工確認圖片/字幕沒有誇大療效。
Facebook_LINE062,LINE062,Facebook,2026-07-04,輕微拉扯後的觀察重點,image_card,Facebook 主圖或 3 張輪播。風格：運動後伸展、局部按摩、戶外或健身情境。,needed,,產出後需人工確認圖片/字幕沒有誇大療效。
Facebook_LINE063,LINE063,Facebook,2026-07-05,擦完可以馬上熱敷嗎,image_card,Facebook 主圖或 3 張輪播。風格：LINE 互動投票圖卡、問句大字、簡潔背景。,needed,,產出後需人工確認圖片/字幕沒有誇大療效。
Facebook_LINE064,LINE064,Facebook,2026-07-05,別把長期疼痛只當小問題,image_card,Facebook 主圖或 3 張輪播。風格：長輩日常、散步、溫暖居家光線。,needed,,產出後需人工確認圖片/字幕沒有誇大療效。
Facebook_LINE065,LINE065,Facebook,2026-07-06,滑手機後頸部保養,image_card,Facebook 主圖或 3 張輪播。風格：辦公室、肩頸伸展、清爽自然光。,needed,,產出後需人工確認圖片/字幕沒有誇大療效。
Facebook_LINE066,LINE066,Facebook,2026-07-06,產品不是神藥，定位要講清楚,image_card,Facebook 主圖或 3 張輪播。風格：產品特寫、成分植物、乾淨桌面、金色暖光。,needed,,產出後需人工確認圖片/字幕沒有誇大療效。
Facebook_LINE067,LINE067,Facebook,2026-07-07,立冬前後的日常舒緩儀式,image_card,Facebook 主圖或 3 張輪播。風格：節氣自然景、草本、季節色彩。,needed,,產出後需人工確認圖片/字幕沒有誇大療效。
Facebook_LINE068,LINE068,Facebook,2026-07-07,深層症狀不適合自行處理,image_card,Facebook 主圖或 3 張輪播。風格：安全提醒圖卡、清楚 icon、紅黃綠分級。,needed,,產出後需人工確認圖片/字幕沒有誇大療效。
Facebook_LINE069,LINE069,Facebook,2026-07-08,每篇貼文都要人工審核,image_card,Facebook 主圖或 3 張輪播。風格：藥證透明、標示檢查、品牌信任感。,needed,,產出後需人工確認圖片/字幕沒有誇大療效。
Facebook_LINE070,LINE070,Facebook,2026-07-08,哪些情況應該先就醫,image_card,Facebook 主圖或 3 張輪播。風格：LINE 互動投票圖卡、問句大字、簡潔背景。,needed,,產出後需人工確認圖片/字幕沒有誇大療效。
Facebook_LINE071,LINE071,Facebook,2026-07-09,運動後局部痠痛的保守處理,image_card,Facebook 主圖或 3 張輪播。風格：運動後伸展、局部按摩、戶外或健身情境。,needed,,產出後需人工確認圖片/字幕沒有誇大療效。
Facebook_LINE072,LINE072,Facebook,2026-07-09,冬青油與清涼舒緩體感,image_card,Facebook 主圖或 3 張輪播。風格：產品特寫、成分植物、乾淨桌面、金色暖光。,needed,,產出後需人工確認圖片/字幕沒有誇大療效。
Facebook_LINE073,LINE073,Facebook,2026-07-10,早晨活動前的關節暖身,image_card,Facebook 主圖或 3 張輪播。風格：長輩日常、散步、溫暖居家光線。,needed,,產出後需人工確認圖片/字幕沒有誇大療效。
Facebook_LINE074,LINE074,Facebook,2026-07-10,不能擦在破皮或傷口,image_card,Facebook 主圖或 3 張輪播。風格：安全提醒圖卡、清楚 icon、紅黃綠分級。,needed,,產出後需人工確認圖片/字幕沒有誇大療效。
Facebook_LINE075,LINE075,Facebook,2026-07-11,芒種後濕熱生活保養,image_card,Facebook 主圖或 3 張輪播。風格：節氣自然景、草本、季節色彩。,needed,,產出後需人工確認圖片/字幕沒有誇大療效。
Facebook_LINE076,LINE076,Facebook,2026-07-11,久站後小腿不適舒緩,image_card,Facebook 主圖或 3 張輪播。風格：運動後伸展、局部按摩、戶外或健身情境。,needed,,產出後需人工確認圖片/字幕沒有誇大療效。
Facebook_LINE077,LINE077,Facebook,2026-07-12,你最常哪個部位緊繃,image_card,Facebook 主圖或 3 張輪播。風格：LINE 互動投票圖卡、問句大字、簡潔背景。,needed,,產出後需人工確認圖片/字幕沒有誇大療效。
Facebook_LINE078,LINE078,Facebook,2026-07-12,長輩外用膏使用安全,image_card,Facebook 主圖或 3 張輪播。風格：長輩日常、散步、溫暖居家光線。,needed,,產出後需人工確認圖片/字幕沒有誇大療效。
Facebook_LINE079,LINE079,Facebook,2026-07-13,辦公桌前的姿勢檢查,image_card,Facebook 主圖或 3 張輪播。風格：辦公室、肩頸伸展、清爽自然光。,needed,,產出後需人工確認圖片/字幕沒有誇大療效。
Facebook_LINE080,LINE080,Facebook,2026-07-13,薄荷腦帶來的涼感來源,image_card,Facebook 主圖或 3 張輪播。風格：產品特寫、成分植物、乾淨桌面、金色暖光。,needed,,產出後需人工確認圖片/字幕沒有誇大療效。
Facebook_LINE081,LINE081,Facebook,2026-07-14,夏季冷氣房的肩頸保養,image_card,Facebook 主圖或 3 張輪播。風格：節氣自然景、草本、季節色彩。,needed,,產出後需人工確認圖片/字幕沒有誇大療效。
Facebook_LINE082,LINE082,Facebook,2026-07-14,外用膏避免眼周與黏膜,image_card,Facebook 主圖或 3 張輪播。風格：安全提醒圖卡、清楚 icon、紅黃綠分級。,needed,,產出後需人工確認圖片/字幕沒有誇大療效。
Facebook_LINE083,LINE083,Facebook,2026-07-15,合法宣傳比誇大更長久,image_card,Facebook 主圖或 3 張輪播。風格：藥證透明、標示檢查、品牌信任感。,needed,,產出後需人工確認圖片/字幕沒有誇大療效。
Facebook_LINE084,LINE084,Facebook,2026-07-15,你習慣運動前還是運動後保養,image_card,Facebook 主圖或 3 張輪播。風格：LINE 互動投票圖卡、問句大字、簡潔背景。,needed,,產出後需人工確認圖片/字幕沒有誇大療效。
Facebook_LINE085,LINE085,Facebook,2026-07-16,搬重物後腰背保養,image_card,Facebook 主圖或 3 張輪播。風格：運動後伸展、局部按摩、戶外或健身情境。,needed,,產出後需人工確認圖片/字幕沒有誇大療效。
Facebook_LINE086,LINE086,Facebook,2026-07-16,樟腦外用時的注意界線,image_card,Facebook 主圖或 3 張輪播。風格：產品特寫、成分植物、乾淨桌面、金色暖光。,needed,,產出後需人工確認圖片/字幕沒有誇大療效。
Facebook_LINE087,LINE087,Facebook,2026-07-17,輕微關節痠痛與疾病治療要分開,image_card,Facebook 主圖或 3 張輪播。風格：長輩日常、散步、溫暖居家光線。,needed,,產出後需人工確認圖片/字幕沒有誇大療效。
Facebook_LINE088,LINE088,Facebook,2026-07-17,不要搭配熱敷墊或電毯,image_card,Facebook 主圖或 3 張輪播。風格：安全提醒圖卡、清楚 icon、紅黃綠分級。,needed,,產出後需人工確認圖片/字幕沒有誇大療效。
Facebook_LINE089,LINE089,Facebook,2026-07-18,小暑前後活動舒適提醒,image_card,Facebook 主圖或 3 張輪播。風格：節氣自然景、草本、季節色彩。,needed,,產出後需人工確認圖片/字幕沒有誇大療效。
Facebook_LINE090,LINE090,Facebook,2026-07-18,爬山後腿部按摩提醒,image_card,Facebook 主圖或 3 張輪播。風格：運動後伸展、局部按摩、戶外或健身情境。,needed,,產出後需人工確認圖片/字幕沒有誇大療效。
Facebook_LINE091,LINE091,Facebook,2026-07-19,外用膏一次擦多少才剛好,image_card,Facebook 主圖或 3 張輪播。風格：LINE 互動投票圖卡、問句大字、簡潔背景。,needed,,產出後需人工確認圖片/字幕沒有誇大療效。
Facebook_LINE092,LINE092,Facebook,2026-07-19,散步後的膝周保養,image_card,Facebook 主圖或 3 張輪播。風格：長輩日常、散步、溫暖居家光線。,needed,,產出後需人工確認圖片/字幕沒有誇大療效。
Facebook_LINE093,LINE093,Facebook,2026-07-20,肩頸按摩不要只靠用力,image_card,Facebook 主圖或 3 張輪播。風格：辦公室、肩頸伸展、清爽自然光。,needed,,產出後需人工確認圖片/字幕沒有誇大療效。
Facebook_LINE094,LINE094,Facebook,2026-07-20,油膏劑為什麼適合局部按摩,image_card,Facebook 主圖或 3 張輪播。風格：產品特寫、成分植物、乾淨桌面、金色暖光。,needed,,產出後需人工確認圖片/字幕沒有誇大療效。
Facebook_LINE095,LINE095,Facebook,2026-07-21,大暑午後少久站硬撐,image_card,Facebook 主圖或 3 張輪播。風格：節氣自然景、草本、季節色彩。,needed,,產出後需人工確認圖片/字幕沒有誇大療效。
Facebook_LINE096,LINE096,Facebook,2026-07-21,不要密封包紮或大面積厚敷,image_card,Facebook 主圖或 3 張輪播。風格：安全提醒圖卡、清楚 icon、紅黃綠分級。,needed,,產出後需人工確認圖片/字幕沒有誇大療效。
Facebook_LINE097,LINE097,Facebook,2026-07-22,什麼是乙類成藥,image_card,Facebook 主圖或 3 張輪播。風格：藥證透明、標示檢查、品牌信任感。,needed,,產出後需人工確認圖片/字幕沒有誇大療效。
Facebook_LINE098,LINE098,Facebook,2026-07-22,涼感越強越有效嗎,image_card,Facebook 主圖或 3 張輪播。風格：LINE 互動投票圖卡、問句大字、簡潔背景。,needed,,產出後需人工確認圖片/字幕沒有誇大療效。
Facebook_LINE099,LINE099,Facebook,2026-07-23,重訓後肩背局部舒緩,image_card,Facebook 主圖或 3 張輪播。風格：運動後伸展、局部按摩、戶外或健身情境。,needed,,產出後需人工確認圖片/字幕沒有誇大療效。
Facebook_LINE100,LINE100,Facebook,2026-07-23,乙類成藥與一般保健品差異,image_card,Facebook 主圖或 3 張輪播。風格：產品特寫、成分植物、乾淨桌面、金色暖光。,needed,,產出後需人工確認圖片/字幕沒有誇大療效。
Facebook_LINE101,LINE101,Facebook,2026-07-24,天氣變化時的活動舒適感,image_card,Facebook 主圖或 3 張輪播。風格：長輩日常、散步、溫暖居家光線。,needed,,產出後需人工確認圖片/字幕沒有誇大療效。
Facebook_LINE102,LINE102,Facebook,2026-07-24,水楊酸或阿斯匹靈過敏者注意,image_card,Facebook 主圖或 3 張輪播。風格：安全提醒圖卡、清楚 icon、紅黃綠分級。,needed,,產出後需人工確認圖片/字幕沒有誇大療效。
Facebook_LINE103,LINE103,Facebook,2026-07-25,立秋後早晚溫差保養,image_card,Facebook 主圖或 3 張輪播。風格：節氣自然景、草本、季節色彩。,needed,,產出後需人工確認圖片/字幕沒有誇大療效。
Facebook_LINE104,LINE104,Facebook,2026-07-25,家事後手臂不適保養,image_card,Facebook 主圖或 3 張輪播。風格：運動後伸展、局部按摩、戶外或健身情境。,needed,,產出後需人工確認圖片/字幕沒有誇大療效。
Facebook_LINE105,LINE105,Facebook,2026-07-26,你有看過外用產品標示嗎,image_card,Facebook 主圖或 3 張輪播。風格：LINE 互動投票圖卡、問句大字、簡潔背景。,needed,,產出後需人工確認圖片/字幕沒有誇大療效。
Facebook_LINE106,LINE106,Facebook,2026-07-26,長輩按摩力道不要過重,image_card,Facebook 主圖或 3 張輪播。風格：長輩日常、散步、溫暖居家光線。,needed,,產出後需人工確認圖片/字幕沒有誇大療效。
Facebook_LINE107,LINE107,Facebook,2026-07-27,久坐族晚間舒緩儀式,image_card,Facebook 主圖或 3 張輪播。風格：辦公室、肩頸伸展、清爽自然光。,needed,,產出後需人工確認圖片/字幕沒有誇大療效。
Facebook_LINE108,LINE108,Facebook,2026-07-27,一條根外用膏的日常定位,image_card,Facebook 主圖或 3 張輪播。風格：產品特寫、成分植物、乾淨桌面、金色暖光。,needed,,產出後需人工確認圖片/字幕沒有誇大療效。
Facebook_LINE109,LINE109,Facebook,2026-07-28,處暑後運動暖身提醒,image_card,Facebook 主圖或 3 張輪播。風格：節氣自然景、草本、季節色彩。,needed,,產出後需人工確認圖片/字幕沒有誇大療效。
Facebook_LINE110,LINE110,Facebook,2026-07-28,兒童使用前的安全提醒,image_card,Facebook 主圖或 3 張輪播。風格：安全提醒圖卡、清楚 icon、紅黃綠分級。,needed,,產出後需人工確認圖片/字幕沒有誇大療效。
Facebook_LINE111,LINE111,Facebook,2026-07-29,官方適應症與社群文案的差異,image_card,Facebook 主圖或 3 張輪播。風格：藥證透明、標示檢查、品牌信任感。,needed,,產出後需人工確認圖片/字幕沒有誇大療效。
Facebook_LINE112,LINE112,Facebook,2026-07-29,久坐族最想舒緩哪裡,image_card,Facebook 主圖或 3 張輪播。風格：LINE 互動投票圖卡、問句大字、簡潔背景。,needed,,產出後需人工確認圖片/字幕沒有誇大療效。
Facebook_LINE113,LINE113,Facebook,2026-07-30,跑步後膝周不適的保守提醒,image_card,Facebook 主圖或 3 張輪播。風格：運動後伸展、局部按摩、戶外或健身情境。,needed,,產出後需人工確認圖片/字幕沒有誇大療效。
Facebook_LINE114,LINE114,Facebook,2026-07-30,成分濃度為什麼要看標示,image_card,Facebook 主圖或 3 張輪播。風格：產品特寫、成分植物、乾淨桌面、金色暖光。,needed,,產出後需人工確認圖片/字幕沒有誇大療效。
Facebook_LINE115,LINE115,Facebook,2026-07-31,照顧爸媽時的外用提醒,image_card,Facebook 主圖或 3 張輪播。風格：長輩日常、散步、溫暖居家光線。,needed,,產出後需人工確認圖片/字幕沒有誇大療效。
Facebook_LINE116,LINE116,Facebook,2026-07-31,孕婦與哺乳族群先詢問專業人員,image_card,Facebook 主圖或 3 張輪播。風格：安全提醒圖卡、清楚 icon、紅黃綠分級。,needed,,產出後需人工確認圖片/字幕沒有誇大療效。
Facebook_LINE117,LINE117,Facebook,2026-08-01,白露時節關心長輩活動,image_card,Facebook 主圖或 3 張輪播。風格：節氣自然景、草本、季節色彩。,needed,,產出後需人工確認圖片/字幕沒有誇大療效。
Facebook_LINE118,LINE118,Facebook,2026-08-01,勞動後先休息再按摩,image_card,Facebook 主圖或 3 張輪播。風格：運動後伸展、局部按摩、戶外或健身情境。,needed,,產出後需人工確認圖片/字幕沒有誇大療效。
Facebook_LINE119,LINE119,Facebook,2026-08-02,長輩使用外用膏你會提醒什麼,image_card,Facebook 主圖或 3 張輪播。風格：LINE 互動投票圖卡、問句大字、簡潔背景。,needed,,產出後需人工確認圖片/字幕沒有誇大療效。
Facebook_LINE120,LINE120,Facebook,2026-08-02,日常活動舒適度的三個習慣,image_card,Facebook 主圖或 3 張輪播。風格：長輩日常、散步、溫暖居家光線。,needed,,產出後需人工確認圖片/字幕沒有誇大療效。
Facebook_LINE121,LINE121,Facebook,2026-08-03,背包太重後的肩膀保養,image_card,Facebook 主圖或 3 張輪播。風格：辦公室、肩頸伸展、清爽自然光。,needed,,產出後需人工確認圖片/字幕沒有誇大療效。
Facebook_LINE122,LINE122,Facebook,2026-08-03,局部按摩和大面積厚敷的差別,image_card,Facebook 主圖或 3 張輪播。風格：產品特寫、成分植物、乾淨桌面、金色暖光。,needed,,產出後需人工確認圖片/字幕沒有誇大療效。
Facebook_LINE123,LINE123,Facebook,2026-08-04,秋分後外出前暖身,image_card,Facebook 主圖或 3 張輪播。風格：節氣自然景、草本、季節色彩。,needed,,產出後需人工確認圖片/字幕沒有誇大療效。
Facebook_LINE124,LINE124,Facebook,2026-08-04,症狀超過七天要停用並諮詢,image_card,Facebook 主圖或 3 張輪播。風格：安全提醒圖卡、清楚 icon、紅黃綠分級。,needed,,產出後需人工確認圖片/字幕沒有誇大療效。
Facebook_LINE125,LINE125,Facebook,2026-08-05,為什麼不鼓勵擦傷口,image_card,Facebook 主圖或 3 張輪播。風格：藥證透明、標示檢查、品牌信任感。,needed,,產出後需人工確認圖片/字幕沒有誇大療效。
Facebook_LINE126,LINE126,Facebook,2026-08-05,一條根可以天天厚敷嗎,image_card,Facebook 主圖或 3 張輪播。風格：LINE 互動投票圖卡、問句大字、簡潔背景。,needed,,產出後需人工確認圖片/字幕沒有誇大療效。
Facebook_LINE127,LINE127,Facebook,2026-08-06,運動後不要立刻熱敷加藥膏,image_card,Facebook 主圖或 3 張輪播。風格：運動後伸展、局部按摩、戶外或健身情境。,needed,,產出後需人工確認圖片/字幕沒有誇大療效。
Facebook_LINE128,LINE128,Facebook,2026-08-06,使用前先小範圍測試,image_card,Facebook 主圖或 3 張輪播。風格：產品特寫、成分植物、乾淨桌面、金色暖光。,needed,,產出後需人工確認圖片/字幕沒有誇大療效。
Facebook_LINE129,LINE129,Facebook,2026-08-07,長輩使用前先看標示,image_card,Facebook 主圖或 3 張輪播。風格：長輩日常、散步、溫暖居家光線。,needed,,產出後需人工確認圖片/字幕沒有誇大療效。
Facebook_LINE130,LINE130,Facebook,2026-08-07,皮膚刺激時要停止使用,image_card,Facebook 主圖或 3 張輪播。風格：安全提醒圖卡、清楚 icon、紅黃綠分級。,needed,,產出後需人工確認圖片/字幕沒有誇大療效。
Facebook_LINE131,LINE131,Facebook,2026-08-08,寒露後肩背保養,image_card,Facebook 主圖或 3 張輪播。風格：節氣自然景、草本、季節色彩。,needed,,產出後需人工確認圖片/字幕沒有誇大療效。
Facebook_LINE132,LINE132,Facebook,2026-08-08,輕微拉扯後的觀察重點,image_card,Facebook 主圖或 3 張輪播。風格：運動後伸展、局部按摩、戶外或健身情境。,needed,,產出後需人工確認圖片/字幕沒有誇大療效。
Facebook_LINE133,LINE133,Facebook,2026-08-09,擦完可以馬上熱敷嗎,image_card,Facebook 主圖或 3 張輪播。風格：LINE 互動投票圖卡、問句大字、簡潔背景。,needed,,產出後需人工確認圖片/字幕沒有誇大療效。
Facebook_LINE134,LINE134,Facebook,2026-08-09,別把長期疼痛只當小問題,image_card,Facebook 主圖或 3 張輪播。風格：長輩日常、散步、溫暖居家光線。,needed,,產出後需人工確認圖片/字幕沒有誇大療效。
Facebook_LINE135,LINE135,Facebook,2026-08-10,冷氣房肩頸緊繃保養,image_card,Facebook 主圖或 3 張輪播。風格：辦公室、肩頸伸展、清爽自然光。,needed,,產出後需人工確認圖片/字幕沒有誇大療效。
Facebook_LINE136,LINE136,Facebook,2026-08-10,產品不是神藥，定位要講清楚,image_card,Facebook 主圖或 3 張輪播。風格：產品特寫、成分植物、乾淨桌面、金色暖光。,needed,,產出後需人工確認圖片/字幕沒有誇大療效。
Facebook_LINE137,LINE137,Facebook,2026-08-11,立冬前後的日常舒緩儀式,image_card,Facebook 主圖或 3 張輪播。風格：節氣自然景、草本、季節色彩。,needed,,產出後需人工確認圖片/字幕沒有誇大療效。
Facebook_LINE138,LINE138,Facebook,2026-08-11,深層症狀不適合自行處理,image_card,Facebook 主圖或 3 張輪播。風格：安全提醒圖卡、清楚 icon、紅黃綠分級。,needed,,產出後需人工確認圖片/字幕沒有誇大療效。
Facebook_LINE139,LINE139,Facebook,2026-08-12,買外用膏先看三件事,image_card,Facebook 主圖或 3 張輪播。風格：藥證透明、標示檢查、品牌信任感。,needed,,產出後需人工確認圖片/字幕沒有誇大療效。
Facebook_LINE140,LINE140,Facebook,2026-08-12,哪些情況應該先就醫,image_card,Facebook 主圖或 3 張輪播。風格：LINE 互動投票圖卡、問句大字、簡潔背景。,needed,,產出後需人工確認圖片/字幕沒有誇大療效。
Facebook_LINE141,LINE141,Facebook,2026-08-13,運動後局部痠痛的保守處理,image_card,Facebook 主圖或 3 張輪播。風格：運動後伸展、局部按摩、戶外或健身情境。,needed,,產出後需人工確認圖片/字幕沒有誇大療效。
Facebook_LINE142,LINE142,Facebook,2026-08-13,冬青油與清涼舒緩體感,image_card,Facebook 主圖或 3 張輪播。風格：產品特寫、成分植物、乾淨桌面、金色暖光。,needed,,產出後需人工確認圖片/字幕沒有誇大療效。
Facebook_LINE143,LINE143,Facebook,2026-08-14,早晨活動前的關節暖身,image_card,Facebook 主圖或 3 張輪播。風格：長輩日常、散步、溫暖居家光線。,needed,,產出後需人工確認圖片/字幕沒有誇大療效。
Facebook_LINE144,LINE144,Facebook,2026-08-14,不能擦在破皮或傷口,image_card,Facebook 主圖或 3 張輪播。風格：安全提醒圖卡、清楚 icon、紅黃綠分級。,needed,,產出後需人工確認圖片/字幕沒有誇大療效。
Facebook_LINE145,LINE145,Facebook,2026-08-15,芒種後濕熱生活保養,image_card,Facebook 主圖或 3 張輪播。風格：節氣自然景、草本、季節色彩。,needed,,產出後需人工確認圖片/字幕沒有誇大療效。
Facebook_LINE146,LINE146,Facebook,2026-08-15,久站後小腿不適舒緩,image_card,Facebook 主圖或 3 張輪播。風格：運動後伸展、局部按摩、戶外或健身情境。,needed,,產出後需人工確認圖片/字幕沒有誇大療效。
Facebook_LINE147,LINE147,Facebook,2026-08-16,你最常哪個部位緊繃,image_card,Facebook 主圖或 3 張輪播。風格：LINE 互動投票圖卡、問句大字、簡潔背景。,needed,,產出後需人工確認圖片/字幕沒有誇大療效。
Facebook_LINE148,LINE148,Facebook,2026-08-16,長輩外用膏使用安全,image_card,Facebook 主圖或 3 張輪播。風格：長輩日常、散步、溫暖居家光線。,needed,,產出後需人工確認圖片/字幕沒有誇大療效。
Facebook_LINE149,LINE149,Facebook,2026-08-17,低頭族肩頸緊繃的三個提醒,image_card,Facebook 主圖或 3 張輪播。風格：辦公室、肩頸伸展、清爽自然光。,needed,,產出後需人工確認圖片/字幕沒有誇大療效。
Facebook_LINE150,LINE150,Facebook,2026-08-17,薄荷腦帶來的涼感來源,image_card,Facebook 主圖或 3 張輪播。風格：產品特寫、成分植物、乾淨桌面、金色暖光。,needed,,產出後需人工確認圖片/字幕沒有誇大療效。
Facebook_LINE151,LINE151,Facebook,2026-08-18,夏季冷氣房的肩頸保養,image_card,Facebook 主圖或 3 張輪播。風格：節氣自然景、草本、季節色彩。,needed,,產出後需人工確認圖片/字幕沒有誇大療效。
Facebook_LINE152,LINE152,Facebook,2026-08-18,外用膏避免眼周與黏膜,image_card,Facebook 主圖或 3 張輪播。風格：安全提醒圖卡、清楚 icon、紅黃綠分級。,needed,,產出後需人工確認圖片/字幕沒有誇大療效。
Facebook_LINE153,LINE153,Facebook,2026-08-19,為什麼我們不說神效,image_card,Facebook 主圖或 3 張輪播。風格：藥證透明、標示檢查、品牌信任感。,needed,,產出後需人工確認圖片/字幕沒有誇大療效。
Facebook_LINE154,LINE154,Facebook,2026-08-19,你習慣運動前還是運動後保養,image_card,Facebook 主圖或 3 張輪播。風格：LINE 互動投票圖卡、問句大字、簡潔背景。,needed,,產出後需人工確認圖片/字幕沒有誇大療效。
Facebook_LINE155,LINE155,Facebook,2026-08-20,搬重物後腰背保養,image_card,Facebook 主圖或 3 張輪播。風格：運動後伸展、局部按摩、戶外或健身情境。,needed,,產出後需人工確認圖片/字幕沒有誇大療效。
Facebook_LINE156,LINE156,Facebook,2026-08-20,樟腦外用時的注意界線,image_card,Facebook 主圖或 3 張輪播。風格：產品特寫、成分植物、乾淨桌面、金色暖光。,needed,,產出後需人工確認圖片/字幕沒有誇大療效。
Facebook_LINE157,LINE157,Facebook,2026-08-21,輕微關節痠痛與疾病治療要分開,image_card,Facebook 主圖或 3 張輪播。風格：長輩日常、散步、溫暖居家光線。,needed,,產出後需人工確認圖片/字幕沒有誇大療效。
Facebook_LINE158,LINE158,Facebook,2026-08-21,不要搭配熱敷墊或電毯,image_card,Facebook 主圖或 3 張輪播。風格：安全提醒圖卡、清楚 icon、紅黃綠分級。,needed,,產出後需人工確認圖片/字幕沒有誇大療效。
Facebook_LINE159,LINE159,Facebook,2026-08-22,小暑前後活動舒適提醒,image_card,Facebook 主圖或 3 張輪播。風格：節氣自然景、草本、季節色彩。,needed,,產出後需人工確認圖片/字幕沒有誇大療效。
Facebook_LINE160,LINE160,Facebook,2026-08-22,爬山後腿部按摩提醒,image_card,Facebook 主圖或 3 張輪播。風格：運動後伸展、局部按摩、戶外或健身情境。,needed,,產出後需人工確認圖片/字幕沒有誇大療效。
Facebook_LINE161,LINE161,Facebook,2026-08-23,外用膏一次擦多少才剛好,image_card,Facebook 主圖或 3 張輪播。風格：LINE 互動投票圖卡、問句大字、簡潔背景。,needed,,產出後需人工確認圖片/字幕沒有誇大療效。
Facebook_LINE162,LINE162,Facebook,2026-08-23,散步後的膝周保養,image_card,Facebook 主圖或 3 張輪播。風格：長輩日常、散步、溫暖居家光線。,needed,,產出後需人工確認圖片/字幕沒有誇大療效。
Facebook_LINE163,LINE163,Facebook,2026-08-24,午休前的肩頸放鬆流程,image_card,Facebook 主圖或 3 張輪播。風格：辦公室、肩頸伸展、清爽自然光。,needed,,產出後需人工確認圖片/字幕沒有誇大療效。
Facebook_LINE164,LINE164,Facebook,2026-08-24,油膏劑為什麼適合局部按摩,image_card,Facebook 主圖或 3 張輪播。風格：產品特寫、成分植物、乾淨桌面、金色暖光。,needed,,產出後需人工確認圖片/字幕沒有誇大療效。
Facebook_LINE165,LINE165,Facebook,2026-08-25,大暑午後少久站硬撐,image_card,Facebook 主圖或 3 張輪播。風格：節氣自然景、草本、季節色彩。,needed,,產出後需人工確認圖片/字幕沒有誇大療效。
Facebook_LINE166,LINE166,Facebook,2026-08-25,不要密封包紮或大面積厚敷,image_card,Facebook 主圖或 3 張輪播。風格：安全提醒圖卡、清楚 icon、紅黃綠分級。,needed,,產出後需人工確認圖片/字幕沒有誇大療效。
Facebook_LINE167,LINE167,Facebook,2026-08-26,藥證可查代表什麼,image_card,Facebook 主圖或 3 張輪播。風格：藥證透明、標示檢查、品牌信任感。,needed,,產出後需人工確認圖片/字幕沒有誇大療效。
Facebook_LINE168,LINE168,Facebook,2026-08-26,涼感越強越有效嗎,image_card,Facebook 主圖或 3 張輪播。風格：LINE 互動投票圖卡、問句大字、簡潔背景。,needed,,產出後需人工確認圖片/字幕沒有誇大療效。
Facebook_LINE169,LINE169,Facebook,2026-08-27,重訓後肩背局部舒緩,image_card,Facebook 主圖或 3 張輪播。風格：運動後伸展、局部按摩、戶外或健身情境。,needed,,產出後需人工確認圖片/字幕沒有誇大療效。
Facebook_LINE170,LINE170,Facebook,2026-08-27,乙類成藥與一般保健品差異,image_card,Facebook 主圖或 3 張輪播。風格：產品特寫、成分植物、乾淨桌面、金色暖光。,needed,,產出後需人工確認圖片/字幕沒有誇大療效。
Facebook_LINE171,LINE171,Facebook,2026-08-28,天氣變化時的活動舒適感,image_card,Facebook 主圖或 3 張輪播。風格：長輩日常、散步、溫暖居家光線。,needed,,產出後需人工確認圖片/字幕沒有誇大療效。
Facebook_LINE172,LINE172,Facebook,2026-08-28,水楊酸或阿斯匹靈過敏者注意,image_card,Facebook 主圖或 3 張輪播。風格：安全提醒圖卡、清楚 icon、紅黃綠分級。,needed,,產出後需人工確認圖片/字幕沒有誇大療效。
Facebook_LINE173,LINE173,Facebook,2026-08-29,立秋後早晚溫差保養,image_card,Facebook 主圖或 3 張輪播。風格：節氣自然景、草本、季節色彩。,needed,,產出後需人工確認圖片/字幕沒有誇大療效。
Facebook_LINE174,LINE174,Facebook,2026-08-29,家事後手臂不適保養,image_card,Facebook 主圖或 3 張輪播。風格：運動後伸展、局部按摩、戶外或健身情境。,needed,,產出後需人工確認圖片/字幕沒有誇大療效。
Facebook_LINE175,LINE175,Facebook,2026-08-30,你有看過外用產品標示嗎,image_card,Facebook 主圖或 3 張輪播。風格：LINE 互動投票圖卡、問句大字、簡潔背景。,needed,,產出後需人工確認圖片/字幕沒有誇大療效。
Facebook_LINE176,LINE176,Facebook,2026-08-30,長輩按摩力道不要過重,image_card,Facebook 主圖或 3 張輪播。風格：長輩日常、散步、溫暖居家光線。,needed,,產出後需人工確認圖片/字幕沒有誇大療效。
Facebook_LINE177,LINE177,Facebook,2026-08-31,開會久坐後的腰背舒緩,image_card,Facebook 主圖或 3 張輪播。風格：辦公室、肩頸伸展、清爽自然光。,needed,,產出後需人工確認圖片/字幕沒有誇大療效。
Facebook_LINE178,LINE178,Facebook,2026-08-31,一條根外用膏的日常定位,image_card,Facebook 主圖或 3 張輪播。風格：產品特寫、成分植物、乾淨桌面、金色暖光。,needed,,產出後需人工確認圖片/字幕沒有誇大療效。
Facebook_LINE179,LINE179,Facebook,2026-09-01,處暑後運動暖身提醒,image_card,Facebook 主圖或 3 張輪播。風格：節氣自然景、草本、季節色彩。,needed,,產出後需人工確認圖片/字幕沒有誇大療效。
Facebook_LINE180,LINE180,Facebook,2026-09-01,兒童使用前的安全提醒,image_card,Facebook 主圖或 3 張輪播。風格：安全提醒圖卡、清楚 icon、紅黃綠分級。,needed,,產出後需人工確認圖片/字幕沒有誇大療效。
Facebook_LINE181,LINE181,Facebook,2026-09-02,外用膏廣告為什麼要保守,image_card,Facebook 主圖或 3 張輪播。風格：藥證透明、標示檢查、品牌信任感。,needed,,產出後需人工確認圖片/字幕沒有誇大療效。
Facebook_LINE182,LINE182,Facebook,2026-09-02,久坐族最想舒緩哪裡,image_card,Facebook 主圖或 3 張輪播。風格：LINE 互動投票圖卡、問句大字、簡潔背景。,needed,,產出後需人工確認圖片/字幕沒有誇大療效。
Facebook_LINE183,LINE183,Facebook,2026-09-03,跑步後膝周不適的保守提醒,image_card,Facebook 主圖或 3 張輪播。風格：運動後伸展、局部按摩、戶外或健身情境。,needed,,產出後需人工確認圖片/字幕沒有誇大療效。
Facebook_LINE184,LINE184,Facebook,2026-09-03,成分濃度為什麼要看標示,image_card,Facebook 主圖或 3 張輪播。風格：產品特寫、成分植物、乾淨桌面、金色暖光。,needed,,產出後需人工確認圖片/字幕沒有誇大療效。
Facebook_LINE185,LINE185,Facebook,2026-09-04,照顧爸媽時的外用提醒,image_card,Facebook 主圖或 3 張輪播。風格：長輩日常、散步、溫暖居家光線。,needed,,產出後需人工確認圖片/字幕沒有誇大療效。
Facebook_LINE186,LINE186,Facebook,2026-09-04,孕婦與哺乳族群先詢問專業人員,image_card,Facebook 主圖或 3 張輪播。風格：安全提醒圖卡、清楚 icon、紅黃綠分級。,needed,,產出後需人工確認圖片/字幕沒有誇大療效。
Facebook_LINE187,LINE187,Facebook,2026-09-05,白露時節關心長輩活動,image_card,Facebook 主圖或 3 張輪播。風格：節氣自然景、草本、季節色彩。,needed,,產出後需人工確認圖片/字幕沒有誇大療效。
Facebook_LINE188,LINE188,Facebook,2026-09-05,勞動後先休息再按摩,image_card,Facebook 主圖或 3 張輪播。風格：運動後伸展、局部按摩、戶外或健身情境。,needed,,產出後需人工確認圖片/字幕沒有誇大療效。
Facebook_LINE189,LINE189,Facebook,2026-09-06,長輩使用外用膏你會提醒什麼,image_card,Facebook 主圖或 3 張輪播。風格：LINE 互動投票圖卡、問句大字、簡潔背景。,needed,,產出後需人工確認圖片/字幕沒有誇大療效。
Facebook_LINE190,LINE190,Facebook,2026-09-06,日常活動舒適度的三個習慣,image_card,Facebook 主圖或 3 張輪播。風格：長輩日常、散步、溫暖居家光線。,needed,,產出後需人工確認圖片/字幕沒有誇大療效。
Facebook_LINE191,LINE191,Facebook,2026-09-07,下班前五分鐘伸展,image_card,Facebook 主圖或 3 張輪播。風格：辦公室、肩頸伸展、清爽自然光。,needed,,產出後需人工確認圖片/字幕沒有誇大療效。
Facebook_LINE192,LINE192,Facebook,2026-09-07,局部按摩和大面積厚敷的差別,image_card,Facebook 主圖或 3 張輪播。風格：產品特寫、成分植物、乾淨桌面、金色暖光。,needed,,產出後需人工確認圖片/字幕沒有誇大療效。
Facebook_LINE193,LINE193,Facebook,2026-09-08,秋分後外出前暖身,image_card,Facebook 主圖或 3 張輪播。風格：節氣自然景、草本、季節色彩。,needed,,產出後需人工確認圖片/字幕沒有誇大療效。
Facebook_LINE194,LINE194,Facebook,2026-09-08,症狀超過七天要停用並諮詢,image_card,Facebook 主圖或 3 張輪播。風格：安全提醒圖卡、清楚 icon、紅黃綠分級。,needed,,產出後需人工確認圖片/字幕沒有誇大療效。
Facebook_LINE195,LINE195,Facebook,2026-09-09,成分透明是基本功,image_card,Facebook 主圖或 3 張輪播。風格：藥證透明、標示檢查、品牌信任感。,needed,,產出後需人工確認圖片/字幕沒有誇大療效。
Facebook_LINE196,LINE196,Facebook,2026-09-09,一條根可以天天厚敷嗎,image_card,Facebook 主圖或 3 張輪播。風格：LINE 互動投票圖卡、問句大字、簡潔背景。,needed,,產出後需人工確認圖片/字幕沒有誇大療效。
Facebook_LINE197,LINE197,Facebook,2026-09-10,運動後不要立刻熱敷加藥膏,image_card,Facebook 主圖或 3 張輪播。風格：運動後伸展、局部按摩、戶外或健身情境。,needed,,產出後需人工確認圖片/字幕沒有誇大療效。
Facebook_LINE198,LINE198,Facebook,2026-09-10,使用前先小範圍測試,image_card,Facebook 主圖或 3 張輪播。風格：產品特寫、成分植物、乾淨桌面、金色暖光。,needed,,產出後需人工確認圖片/字幕沒有誇大療效。
Facebook_LINE199,LINE199,Facebook,2026-09-11,長輩使用前先看標示,image_card,Facebook 主圖或 3 張輪播。風格：長輩日常、散步、溫暖居家光線。,needed,,產出後需人工確認圖片/字幕沒有誇大療效。
Facebook_LINE200,LINE200,Facebook,2026-09-11,皮膚刺激時要停止使用,image_card,Facebook 主圖或 3 張輪播。風格：安全提醒圖卡、清楚 icon、紅黃綠分級。,needed,,產出後需人工確認圖片/字幕沒有誇大療效。
Facebook_LINE201,LINE201,Facebook,2026-09-12,寒露後肩背保養,image_card,Facebook 主圖或 3 張輪播。風格：節氣自然景、草本、季節色彩。,needed,,產出後需人工確認圖片/字幕沒有誇大療效。
Facebook_LINE202,LINE202,Facebook,2026-09-12,輕微拉扯後的觀察重點,image_card,Facebook 主圖或 3 張輪播。風格：運動後伸展、局部按摩、戶外或健身情境。,needed,,產出後需人工確認圖片/字幕沒有誇大療效。
Facebook_LINE203,LINE203,Facebook,2026-09-13,擦完可以馬上熱敷嗎,image_card,Facebook 主圖或 3 張輪播。風格：LINE 互動投票圖卡、問句大字、簡潔背景。,needed,,產出後需人工確認圖片/字幕沒有誇大療效。
Facebook_LINE204,LINE204,Facebook,2026-09-13,別把長期疼痛只當小問題,image_card,Facebook 主圖或 3 張輪播。風格：長輩日常、散步、溫暖居家光線。,needed,,產出後需人工確認圖片/字幕沒有誇大療效。
Facebook_LINE205,LINE205,Facebook,2026-09-14,滑手機後頸部保養,image_card,Facebook 主圖或 3 張輪播。風格：辦公室、肩頸伸展、清爽自然光。,needed,,產出後需人工確認圖片/字幕沒有誇大療效。
Facebook_LINE206,LINE206,Facebook,2026-09-14,產品不是神藥，定位要講清楚,image_card,Facebook 主圖或 3 張輪播。風格：產品特寫、成分植物、乾淨桌面、金色暖光。,needed,,產出後需人工確認圖片/字幕沒有誇大療效。
Facebook_LINE207,LINE207,Facebook,2026-09-15,立冬前後的日常舒緩儀式,image_card,Facebook 主圖或 3 張輪播。風格：節氣自然景、草本、季節色彩。,needed,,產出後需人工確認圖片/字幕沒有誇大療效。
Facebook_LINE208,LINE208,Facebook,2026-09-15,深層症狀不適合自行處理,image_card,Facebook 主圖或 3 張輪播。風格：安全提醒圖卡、清楚 icon、紅黃綠分級。,needed,,產出後需人工確認圖片/字幕沒有誇大療效。
Facebook_LINE209,LINE209,Facebook,2026-09-16,每篇貼文都要人工審核,image_card,Facebook 主圖或 3 張輪播。風格：藥證透明、標示檢查、品牌信任感。,needed,,產出後需人工確認圖片/字幕沒有誇大療效。
Facebook_LINE210,LINE210,Facebook,2026-09-16,哪些情況應該先就醫,image_card,Facebook 主圖或 3 張輪播。風格：LINE 互動投票圖卡、問句大字、簡潔背景。,needed,,產出後需人工確認圖片/字幕沒有誇大療效。
Facebook_LINE211,LINE211,Facebook,2026-09-17,運動後局部痠痛的保守處理,image_card,Facebook 主圖或 3 張輪播。風格：運動後伸展、局部按摩、戶外或健身情境。,needed,,產出後需人工確認圖片/字幕沒有誇大療效。
Facebook_LINE212,LINE212,Facebook,2026-09-17,冬青油與清涼舒緩體感,image_card,Facebook 主圖或 3 張輪播。風格：產品特寫、成分植物、乾淨桌面、金色暖光。,needed,,產出後需人工確認圖片/字幕沒有誇大療效。
Facebook_LINE213,LINE213,Facebook,2026-09-18,早晨活動前的關節暖身,image_card,Facebook 主圖或 3 張輪播。風格：長輩日常、散步、溫暖居家光線。,needed,,產出後需人工確認圖片/字幕沒有誇大療效。
Facebook_LINE214,LINE214,Facebook,2026-09-18,不能擦在破皮或傷口,image_card,Facebook 主圖或 3 張輪播。風格：安全提醒圖卡、清楚 icon、紅黃綠分級。,needed,,產出後需人工確認圖片/字幕沒有誇大療效。
Facebook_LINE215,LINE215,Facebook,2026-09-19,芒種後濕熱生活保養,image_card,Facebook 主圖或 3 張輪播。風格：節氣自然景、草本、季節色彩。,needed,,產出後需人工確認圖片/字幕沒有誇大療效。
Facebook_LINE216,LINE216,Facebook,2026-09-19,久站後小腿不適舒緩,image_card,Facebook 主圖或 3 張輪播。風格：運動後伸展、局部按摩、戶外或健身情境。,needed,,產出後需人工確認圖片/字幕沒有誇大療效。
Facebook_LINE217,LINE217,Facebook,2026-09-20,你最常哪個部位緊繃,image_card,Facebook 主圖或 3 張輪播。風格：LINE 互動投票圖卡、問句大字、簡潔背景。,needed,,產出後需人工確認圖片/字幕沒有誇大療效。
Facebook_LINE218,LINE218,Facebook,2026-09-20,長輩外用膏使用安全,image_card,Facebook 主圖或 3 張輪播。風格：長輩日常、散步、溫暖居家光線。,needed,,產出後需人工確認圖片/字幕沒有誇大療效。
Facebook_LINE219,LINE219,Facebook,2026-09-21,辦公桌前的姿勢檢查,image_card,Facebook 主圖或 3 張輪播。風格：辦公室、肩頸伸展、清爽自然光。,needed,,產出後需人工確認圖片/字幕沒有誇大療效。
Facebook_LINE220,LINE220,Facebook,2026-09-21,薄荷腦帶來的涼感來源,image_card,Facebook 主圖或 3 張輪播。風格：產品特寫、成分植物、乾淨桌面、金色暖光。,needed,,產出後需人工確認圖片/字幕沒有誇大療效。
Facebook_LINE221,LINE221,Facebook,2026-09-22,夏季冷氣房的肩頸保養,image_card,Facebook 主圖或 3 張輪播。風格：節氣自然景、草本、季節色彩。,needed,,產出後需人工確認圖片/字幕沒有誇大療效。
Facebook_LINE222,LINE222,Facebook,2026-09-22,外用膏避免眼周與黏膜,image_card,Facebook 主圖或 3 張輪播。風格：安全提醒圖卡、清楚 icon、紅黃綠分級。,needed,,產出後需人工確認圖片/字幕沒有誇大療效。
Facebook_LINE223,LINE223,Facebook,2026-09-23,合法宣傳比誇大更長久,image_card,Facebook 主圖或 3 張輪播。風格：藥證透明、標示檢查、品牌信任感。,needed,,產出後需人工確認圖片/字幕沒有誇大療效。
Facebook_LINE224,LINE224,Facebook,2026-09-23,你習慣運動前還是運動後保養,image_card,Facebook 主圖或 3 張輪播。風格：LINE 互動投票圖卡、問句大字、簡潔背景。,needed,,產出後需人工確認圖片/字幕沒有誇大療效。
Facebook_LINE225,LINE225,Facebook,2026-09-24,搬重物後腰背保養,image_card,Facebook 主圖或 3 張輪播。風格：運動後伸展、局部按摩、戶外或健身情境。,needed,,產出後需人工確認圖片/字幕沒有誇大療效。
Facebook_LINE226,LINE226,Facebook,2026-09-24,樟腦外用時的注意界線,image_card,Facebook 主圖或 3 張輪播。風格：產品特寫、成分植物、乾淨桌面、金色暖光。,needed,,產出後需人工確認圖片/字幕沒有誇大療效。
Facebook_LINE227,LINE227,Facebook,2026-09-25,輕微關節痠痛與疾病治療要分開,image_card,Facebook 主圖或 3 張輪播。風格：長輩日常、散步、溫暖居家光線。,needed,,產出後需人工確認圖片/字幕沒有誇大療效。
Facebook_LINE228,LINE228,Facebook,2026-09-25,不要搭配熱敷墊或電毯,image_card,Facebook 主圖或 3 張輪播。風格：安全提醒圖卡、清楚 icon、紅黃綠分級。,needed,,產出後需人工確認圖片/字幕沒有誇大療效。
Facebook_LINE229,LINE229,Facebook,2026-09-26,小暑前後活動舒適提醒,image_card,Facebook 主圖或 3 張輪播。風格：節氣自然景、草本、季節色彩。,needed,,產出後需人工確認圖片/字幕沒有誇大療效。
Facebook_LINE230,LINE230,Facebook,2026-09-26,爬山後腿部按摩提醒,image_card,Facebook 主圖或 3 張輪播。風格：運動後伸展、局部按摩、戶外或健身情境。,needed,,產出後需人工確認圖片/字幕沒有誇大療效。
Facebook_LINE231,LINE231,Facebook,2026-09-27,外用膏一次擦多少才剛好,image_card,Facebook 主圖或 3 張輪播。風格：LINE 互動投票圖卡、問句大字、簡潔背景。,needed,,產出後需人工確認圖片/字幕沒有誇大療效。
Facebook_LINE232,LINE232,Facebook,2026-09-27,散步後的膝周保養,image_card,Facebook 主圖或 3 張輪播。風格：長輩日常、散步、溫暖居家光線。,needed,,產出後需人工確認圖片/字幕沒有誇大療效。
Facebook_LINE233,LINE233,Facebook,2026-09-28,肩頸按摩不要只靠用力,image_card,Facebook 主圖或 3 張輪播。風格：辦公室、肩頸伸展、清爽自然光。,needed,,產出後需人工確認圖片/字幕沒有誇大療效。
Facebook_LINE234,LINE234,Facebook,2026-09-28,油膏劑為什麼適合局部按摩,image_card,Facebook 主圖或 3 張輪播。風格：產品特寫、成分植物、乾淨桌面、金色暖光。,needed,,產出後需人工確認圖片/字幕沒有誇大療效。
Facebook_LINE235,LINE235,Facebook,2026-09-29,大暑午後少久站硬撐,image_card,Facebook 主圖或 3 張輪播。風格：節氣自然景、草本、季節色彩。,needed,,產出後需人工確認圖片/字幕沒有誇大療效。
Facebook_LINE236,LINE236,Facebook,2026-09-29,不要密封包紮或大面積厚敷,image_card,Facebook 主圖或 3 張輪播。風格：安全提醒圖卡、清楚 icon、紅黃綠分級。,needed,,產出後需人工確認圖片/字幕沒有誇大療效。
Facebook_LINE237,LINE237,Facebook,2026-09-30,什麼是乙類成藥,image_card,Facebook 主圖或 3 張輪播。風格：藥證透明、標示檢查、品牌信任感。,needed,,產出後需人工確認圖片/字幕沒有誇大療效。
Facebook_LINE238,LINE238,Facebook,2026-09-30,涼感越強越有效嗎,image_card,Facebook 主圖或 3 張輪播。風格：LINE 互動投票圖卡、問句大字、簡潔背景。,needed,,產出後需人工確認圖片/字幕沒有誇大療效。
Facebook_LINE239,LINE239,Facebook,2026-10-01,重訓後肩背局部舒緩,image_card,Facebook 主圖或 3 張輪播。風格：運動後伸展、局部按摩、戶外或健身情境。,needed,,產出後需人工確認圖片/字幕沒有誇大療效。
Facebook_LINE240,LINE240,Facebook,2026-10-01,乙類成藥與一般保健品差異,image_card,Facebook 主圖或 3 張輪播。風格：產品特寫、成分植物、乾淨桌面、金色暖光。,needed,,產出後需人工確認圖片/字幕沒有誇大療效。
Facebook_LINE241,LINE241,Facebook,2026-10-02,天氣變化時的活動舒適感,image_card,Facebook 主圖或 3 張輪播。風格：長輩日常、散步、溫暖居家光線。,needed,,產出後需人工確認圖片/字幕沒有誇大療效。
Facebook_LINE242,LINE242,Facebook,2026-10-02,水楊酸或阿斯匹靈過敏者注意,image_card,Facebook 主圖或 3 張輪播。風格：安全提醒圖卡、清楚 icon、紅黃綠分級。,needed,,產出後需人工確認圖片/字幕沒有誇大療效。
Facebook_LINE243,LINE243,Facebook,2026-10-03,立秋後早晚溫差保養,image_card,Facebook 主圖或 3 張輪播。風格：節氣自然景、草本、季節色彩。,needed,,產出後需人工確認圖片/字幕沒有誇大療效。
Facebook_LINE244,LINE244,Facebook,2026-10-03,家事後手臂不適保養,image_card,Facebook 主圖或 3 張輪播。風格：運動後伸展、局部按摩、戶外或健身情境。,needed,,產出後需人工確認圖片/字幕沒有誇大療效。
Facebook_LINE245,LINE245,Facebook,2026-10-04,你有看過外用產品標示嗎,image_card,Facebook 主圖或 3 張輪播。風格：LINE 互動投票圖卡、問句大字、簡潔背景。,needed,,產出後需人工確認圖片/字幕沒有誇大療效。
Facebook_LINE246,LINE246,Facebook,2026-10-04,長輩按摩力道不要過重,image_card,Facebook 主圖或 3 張輪播。風格：長輩日常、散步、溫暖居家光線。,needed,,產出後需人工確認圖片/字幕沒有誇大療效。
Facebook_LINE247,LINE247,Facebook,2026-10-05,久坐族晚間舒緩儀式,image_card,Facebook 主圖或 3 張輪播。風格：辦公室、肩頸伸展、清爽自然光。,needed,,產出後需人工確認圖片/字幕沒有誇大療效。
Facebook_LINE248,LINE248,Facebook,2026-10-05,一條根外用膏的日常定位,image_card,Facebook 主圖或 3 張輪播。風格：產品特寫、成分植物、乾淨桌面、金色暖光。,needed,,產出後需人工確認圖片/字幕沒有誇大療效。
Facebook_LINE249,LINE249,Facebook,2026-10-06,處暑後運動暖身提醒,image_card,Facebook 主圖或 3 張輪播。風格：節氣自然景、草本、季節色彩。,needed,,產出後需人工確認圖片/字幕沒有誇大療效。
Facebook_LINE250,LINE250,Facebook,2026-10-06,兒童使用前的安全提醒,image_card,Facebook 主圖或 3 張輪播。風格：安全提醒圖卡、清楚 icon、紅黃綠分級。,needed,,產出後需人工確認圖片/字幕沒有誇大療效。
Facebook_LINE251,LINE251,Facebook,2026-10-07,官方適應症與社群文案的差異,image_card,Facebook 主圖或 3 張輪播。風格：藥證透明、標示檢查、品牌信任感。,needed,,產出後需人工確認圖片/字幕沒有誇大療效。
Facebook_LINE252,LINE252,Facebook,2026-10-07,久坐族最想舒緩哪裡,image_card,Facebook 主圖或 3 張輪播。風格：LINE 互動投票圖卡、問句大字、簡潔背景。,needed,,產出後需人工確認圖片/字幕沒有誇大療效。
Facebook_LINE253,LINE253,Facebook,2026-10-08,跑步後膝周不適的保守提醒,image_card,Facebook 主圖或 3 張輪播。風格：運動後伸展、局部按摩、戶外或健身情境。,needed,,產出後需人工確認圖片/字幕沒有誇大療效。
Facebook_LINE254,LINE254,Facebook,2026-10-08,成分濃度為什麼要看標示,image_card,Facebook 主圖或 3 張輪播。風格：產品特寫、成分植物、乾淨桌面、金色暖光。,needed,,產出後需人工確認圖片/字幕沒有誇大療效。
Facebook_LINE255,LINE255,Facebook,2026-10-09,照顧爸媽時的外用提醒,image_card,Facebook 主圖或 3 張輪播。風格：長輩日常、散步、溫暖居家光線。,needed,,產出後需人工確認圖片/字幕沒有誇大療效。
Facebook_LINE256,LINE256,Facebook,2026-10-09,孕婦與哺乳族群先詢問專業人員,image_card,Facebook 主圖或 3 張輪播。風格：安全提醒圖卡、清楚 icon、紅黃綠分級。,needed,,產出後需人工確認圖片/字幕沒有誇大療效。
Facebook_LINE257,LINE257,Facebook,2026-10-10,白露時節關心長輩活動,image_card,Facebook 主圖或 3 張輪播。風格：節氣自然景、草本、季節色彩。,needed,,產出後需人工確認圖片/字幕沒有誇大療效。
Facebook_LINE258,LINE258,Facebook,2026-10-10,勞動後先休息再按摩,image_card,Facebook 主圖或 3 張輪播。風格：運動後伸展、局部按摩、戶外或健身情境。,needed,,產出後需人工確認圖片/字幕沒有誇大療效。
Facebook_LINE259,LINE259,Facebook,2026-10-11,長輩使用外用膏你會提醒什麼,image_card,Facebook 主圖或 3 張輪播。風格：LINE 互動投票圖卡、問句大字、簡潔背景。,needed,,產出後需人工確認圖片/字幕沒有誇大療效。
Facebook_LINE260,LINE260,Facebook,2026-10-11,日常活動舒適度的三個習慣,image_card,Facebook 主圖或 3 張輪播。風格：長輩日常、散步、溫暖居家光線。,needed,,產出後需人工確認圖片/字幕沒有誇大療效。
Facebook_LINE261,LINE261,Facebook,2026-10-12,背包太重後的肩膀保養,image_card,Facebook 主圖或 3 張輪播。風格：辦公室、肩頸伸展、清爽自然光。,needed,,產出後需人工確認圖片/字幕沒有誇大療效。
Facebook_LINE262,LINE262,Facebook,2026-10-12,局部按摩和大面積厚敷的差別,image_card,Facebook 主圖或 3 張輪播。風格：產品特寫、成分植物、乾淨桌面、金色暖光。,needed,,產出後需人工確認圖片/字幕沒有誇大療效。
Facebook_LINE263,LINE263,Facebook,2026-10-13,秋分後外出前暖身,image_card,Facebook 主圖或 3 張輪播。風格：節氣自然景、草本、季節色彩。,needed,,產出後需人工確認圖片/字幕沒有誇大療效。
Facebook_LINE264,LINE264,Facebook,2026-10-13,症狀超過七天要停用並諮詢,image_card,Facebook 主圖或 3 張輪播。風格：安全提醒圖卡、清楚 icon、紅黃綠分級。,needed,,產出後需人工確認圖片/字幕沒有誇大療效。
Facebook_LINE265,LINE265,Facebook,2026-10-14,為什麼不鼓勵擦傷口,image_card,Facebook 主圖或 3 張輪播。風格：藥證透明、標示檢查、品牌信任感。,needed,,產出後需人工確認圖片/字幕沒有誇大療效。
Facebook_LINE266,LINE266,Facebook,2026-10-14,一條根可以天天厚敷嗎,image_card,Facebook 主圖或 3 張輪播。風格：LINE 互動投票圖卡、問句大字、簡潔背景。,needed,,產出後需人工確認圖片/字幕沒有誇大療效。
Facebook_LINE267,LINE267,Facebook,2026-10-15,運動後不要立刻熱敷加藥膏,image_card,Facebook 主圖或 3 張輪播。風格：運動後伸展、局部按摩、戶外或健身情境。,needed,,產出後需人工確認圖片/字幕沒有誇大療效。
Facebook_LINE268,LINE268,Facebook,2026-10-15,使用前先小範圍測試,image_card,Facebook 主圖或 3 張輪播。風格：產品特寫、成分植物、乾淨桌面、金色暖光。,needed,,產出後需人工確認圖片/字幕沒有誇大療效。
Facebook_LINE269,LINE269,Facebook,2026-10-16,長輩使用前先看標示,image_card,Facebook 主圖或 3 張輪播。風格：長輩日常、散步、溫暖居家光線。,needed,,產出後需人工確認圖片/字幕沒有誇大療效。
Facebook_LINE270,LINE270,Facebook,2026-10-16,皮膚刺激時要停止使用,image_card,Facebook 主圖或 3 張輪播。風格：安全提醒圖卡、清楚 icon、紅黃綠分級。,needed,,產出後需人工確認圖片/字幕沒有誇大療效。
Facebook_LINE271,LINE271,Facebook,2026-10-17,寒露後肩背保養,image_card,Facebook 主圖或 3 張輪播。風格：節氣自然景、草本、季節色彩。,needed,,產出後需人工確認圖片/字幕沒有誇大療效。
Facebook_LINE272,LINE272,Facebook,2026-10-17,輕微拉扯後的觀察重點,image_card,Facebook 主圖或 3 張輪播。風格：運動後伸展、局部按摩、戶外或健身情境。,needed,,產出後需人工確認圖片/字幕沒有誇大療效。
Facebook_LINE273,LINE273,Facebook,2026-10-18,擦完可以馬上熱敷嗎,image_card,Facebook 主圖或 3 張輪播。風格：LINE 互動投票圖卡、問句大字、簡潔背景。,needed,,產出後需人工確認圖片/字幕沒有誇大療效。
Facebook_LINE274,LINE274,Facebook,2026-10-18,別把長期疼痛只當小問題,image_card,Facebook 主圖或 3 張輪播。風格：長輩日常、散步、溫暖居家光線。,needed,,產出後需人工確認圖片/字幕沒有誇大療效。
Facebook_LINE275,LINE275,Facebook,2026-10-19,冷氣房肩頸緊繃保養,image_card,Facebook 主圖或 3 張輪播。風格：辦公室、肩頸伸展、清爽自然光。,needed,,產出後需人工確認圖片/字幕沒有誇大療效。
Facebook_LINE276,LINE276,Facebook,2026-10-19,產品不是神藥，定位要講清楚,image_card,Facebook 主圖或 3 張輪播。風格：產品特寫、成分植物、乾淨桌面、金色暖光。,needed,,產出後需人工確認圖片/字幕沒有誇大療效。
Facebook_LINE277,LINE277,Facebook,2026-10-20,立冬前後的日常舒緩儀式,image_card,Facebook 主圖或 3 張輪播。風格：節氣自然景、草本、季節色彩。,needed,,產出後需人工確認圖片/字幕沒有誇大療效。
Facebook_LINE278,LINE278,Facebook,2026-10-20,深層症狀不適合自行處理,image_card,Facebook 主圖或 3 張輪播。風格：安全提醒圖卡、清楚 icon、紅黃綠分級。,needed,,產出後需人工確認圖片/字幕沒有誇大療效。
Facebook_LINE279,LINE279,Facebook,2026-10-21,買外用膏先看三件事,image_card,Facebook 主圖或 3 張輪播。風格：藥證透明、標示檢查、品牌信任感。,needed,,產出後需人工確認圖片/字幕沒有誇大療效。
Facebook_LINE280,LINE280,Facebook,2026-10-21,哪些情況應該先就醫,image_card,Facebook 主圖或 3 張輪播。風格：LINE 互動投票圖卡、問句大字、簡潔背景。,needed,,產出後需人工確認圖片/字幕沒有誇大療效。
Facebook_LINE281,LINE281,Facebook,2026-10-22,運動後局部痠痛的保守處理,image_card,Facebook 主圖或 3 張輪播。風格：運動後伸展、局部按摩、戶外或健身情境。,needed,,產出後需人工確認圖片/字幕沒有誇大療效。
Facebook_LINE282,LINE282,Facebook,2026-10-22,冬青油與清涼舒緩體感,image_card,Facebook 主圖或 3 張輪播。風格：產品特寫、成分植物、乾淨桌面、金色暖光。,needed,,產出後需人工確認圖片/字幕沒有誇大療效。
Facebook_LINE283,LINE283,Facebook,2026-10-23,早晨活動前的關節暖身,image_card,Facebook 主圖或 3 張輪播。風格：長輩日常、散步、溫暖居家光線。,needed,,產出後需人工確認圖片/字幕沒有誇大療效。
Facebook_LINE284,LINE284,Facebook,2026-10-23,不能擦在破皮或傷口,image_card,Facebook 主圖或 3 張輪播。風格：安全提醒圖卡、清楚 icon、紅黃綠分級。,needed,,產出後需人工確認圖片/字幕沒有誇大療效。
Facebook_LINE285,LINE285,Facebook,2026-10-24,芒種後濕熱生活保養,image_card,Facebook 主圖或 3 張輪播。風格：節氣自然景、草本、季節色彩。,needed,,產出後需人工確認圖片/字幕沒有誇大療效。
Facebook_LINE286,LINE286,Facebook,2026-10-24,久站後小腿不適舒緩,image_card,Facebook 主圖或 3 張輪播。風格：運動後伸展、局部按摩、戶外或健身情境。,needed,,產出後需人工確認圖片/字幕沒有誇大療效。
Facebook_LINE287,LINE287,Facebook,2026-10-25,你最常哪個部位緊繃,image_card,Facebook 主圖或 3 張輪播。風格：LINE 互動投票圖卡、問句大字、簡潔背景。,needed,,產出後需人工確認圖片/字幕沒有誇大療效。
Facebook_LINE288,LINE288,Facebook,2026-10-25,長輩外用膏使用安全,image_card,Facebook 主圖或 3 張輪播。風格：長輩日常、散步、溫暖居家光線。,needed,,產出後需人工確認圖片/字幕沒有誇大療效。
Facebook_LINE289,LINE289,Facebook,2026-10-26,低頭族肩頸緊繃的三個提醒,image_card,Facebook 主圖或 3 張輪播。風格：辦公室、肩頸伸展、清爽自然光。,needed,,產出後需人工確認圖片/字幕沒有誇大療效。
Facebook_LINE290,LINE290,Facebook,2026-10-26,薄荷腦帶來的涼感來源,image_card,Facebook 主圖或 3 張輪播。風格：產品特寫、成分植物、乾淨桌面、金色暖光。,needed,,產出後需人工確認圖片/字幕沒有誇大療效。
Facebook_LINE291,LINE291,Facebook,2026-10-27,夏季冷氣房的肩頸保養,image_card,Facebook 主圖或 3 張輪播。風格：節氣自然景、草本、季節色彩。,needed,,產出後需人工確認圖片/字幕沒有誇大療效。
Facebook_LINE292,LINE292,Facebook,2026-10-27,外用膏避免眼周與黏膜,image_card,Facebook 主圖或 3 張輪播。風格：安全提醒圖卡、清楚 icon、紅黃綠分級。,needed,,產出後需人工確認圖片/字幕沒有誇大療效。
Facebook_LINE293,LINE293,Facebook,2026-10-28,為什麼我們不說神效,image_card,Facebook 主圖或 3 張輪播。風格：藥證透明、標示檢查、品牌信任感。,needed,,產出後需人工確認圖片/字幕沒有誇大療效。
Facebook_LINE294,LINE294,Facebook,2026-10-28,你習慣運動前還是運動後保養,image_card,Facebook 主圖或 3 張輪播。風格：LINE 互動投票圖卡、問句大字、簡潔背景。,needed,,產出後需人工確認圖片/字幕沒有誇大療效。
Facebook_LINE295,LINE295,Facebook,2026-10-29,搬重物後腰背保養,image_card,Facebook 主圖或 3 張輪播。風格：運動後伸展、局部按摩、戶外或健身情境。,needed,,產出後需人工確認圖片/字幕沒有誇大療效。
Facebook_LINE296,LINE296,Facebook,2026-10-29,樟腦外用時的注意界線,image_card,Facebook 主圖或 3 張輪播。風格：產品特寫、成分植物、乾淨桌面、金色暖光。,needed,,產出後需人工確認圖片/字幕沒有誇大療效。
Facebook_LINE297,LINE297,Facebook,2026-10-30,輕微關節痠痛與疾病治療要分開,image_card,Facebook 主圖或 3 張輪播。風格：長輩日常、散步、溫暖居家光線。,needed,,產出後需人工確認圖片/字幕沒有誇大療效。
Facebook_LINE298,LINE298,Facebook,2026-10-30,不要搭配熱敷墊或電毯,image_card,Facebook 主圖或 3 張輪播。風格：安全提醒圖卡、清楚 icon、紅黃綠分級。,needed,,產出後需人工確認圖片/字幕沒有誇大療效。
Facebook_LINE299,LINE299,Facebook,2026-10-31,小暑前後活動舒適提醒,image_card,Facebook 主圖或 3 張輪播。風格：節氣自然景、草本、季節色彩。,needed,,產出後需人工確認圖片/字幕沒有誇大療效。
Facebook_LINE300,LINE300,Facebook,2026-10-31,爬山後腿部按摩提醒,image_card,Facebook 主圖或 3 張輪播。風格：運動後伸展、局部按摩、戶外或健身情境。,needed,,產出後需人工確認圖片/字幕沒有誇大療效。
Facebook_LINE301,LINE301,Facebook,2026-11-01,外用膏一次擦多少才剛好,image_card,Facebook 主圖或 3 張輪播。風格：LINE 互動投票圖卡、問句大字、簡潔背景。,needed,,產出後需人工確認圖片/字幕沒有誇大療效。
Facebook_LINE302,LINE302,Facebook,2026-11-01,散步後的膝周保養,image_card,Facebook 主圖或 3 張輪播。風格：長輩日常、散步、溫暖居家光線。,needed,,產出後需人工確認圖片/字幕沒有誇大療效。
Facebook_LINE303,LINE303,Facebook,2026-11-02,午休前的肩頸放鬆流程,image_card,Facebook 主圖或 3 張輪播。風格：辦公室、肩頸伸展、清爽自然光。,needed,,產出後需人工確認圖片/字幕沒有誇大療效。
Facebook_LINE304,LINE304,Facebook,2026-11-02,油膏劑為什麼適合局部按摩,image_card,Facebook 主圖或 3 張輪播。風格：產品特寫、成分植物、乾淨桌面、金色暖光。,needed,,產出後需人工確認圖片/字幕沒有誇大療效。
Facebook_LINE305,LINE305,Facebook,2026-11-03,大暑午後少久站硬撐,image_card,Facebook 主圖或 3 張輪播。風格：節氣自然景、草本、季節色彩。,needed,,產出後需人工確認圖片/字幕沒有誇大療效。
Facebook_LINE306,LINE306,Facebook,2026-11-03,不要密封包紮或大面積厚敷,image_card,Facebook 主圖或 3 張輪播。風格：安全提醒圖卡、清楚 icon、紅黃綠分級。,needed,,產出後需人工確認圖片/字幕沒有誇大療效。
Facebook_LINE307,LINE307,Facebook,2026-11-04,藥證可查代表什麼,image_card,Facebook 主圖或 3 張輪播。風格：藥證透明、標示檢查、品牌信任感。,needed,,產出後需人工確認圖片/字幕沒有誇大療效。
Facebook_LINE308,LINE308,Facebook,2026-11-04,涼感越強越有效嗎,image_card,Facebook 主圖或 3 張輪播。風格：LINE 互動投票圖卡、問句大字、簡潔背景。,needed,,產出後需人工確認圖片/字幕沒有誇大療效。
Facebook_LINE309,LINE309,Facebook,2026-11-05,重訓後肩背局部舒緩,image_card,Facebook 主圖或 3 張輪播。風格：運動後伸展、局部按摩、戶外或健身情境。,needed,,產出後需人工確認圖片/字幕沒有誇大療效。
Facebook_LINE310,LINE310,Facebook,2026-11-05,乙類成藥與一般保健品差異,image_card,Facebook 主圖或 3 張輪播。風格：產品特寫、成分植物、乾淨桌面、金色暖光。,needed,,產出後需人工確認圖片/字幕沒有誇大療效。
Facebook_LINE311,LINE311,Facebook,2026-11-06,天氣變化時的活動舒適感,image_card,Facebook 主圖或 3 張輪播。風格：長輩日常、散步、溫暖居家光線。,needed,,產出後需人工確認圖片/字幕沒有誇大療效。
Facebook_LINE312,LINE312,Facebook,2026-11-06,水楊酸或阿斯匹靈過敏者注意,image_card,Facebook 主圖或 3 張輪播。風格：安全提醒圖卡、清楚 icon、紅黃綠分級。,needed,,產出後需人工確認圖片/字幕沒有誇大療效。
Facebook_LINE313,LINE313,Facebook,2026-11-07,立秋後早晚溫差保養,image_card,Facebook 主圖或 3 張輪播。風格：節氣自然景、草本、季節色彩。,needed,,產出後需人工確認圖片/字幕沒有誇大療效。
Facebook_LINE314,LINE314,Facebook,2026-11-07,家事後手臂不適保養,image_card,Facebook 主圖或 3 張輪播。風格：運動後伸展、局部按摩、戶外或健身情境。,needed,,產出後需人工確認圖片/字幕沒有誇大療效。
Facebook_LINE315,LINE315,Facebook,2026-11-08,你有看過外用產品標示嗎,image_card,Facebook 主圖或 3 張輪播。風格：LINE 互動投票圖卡、問句大字、簡潔背景。,needed,,產出後需人工確認圖片/字幕沒有誇大療效。
Facebook_LINE316,LINE316,Facebook,2026-11-08,長輩按摩力道不要過重,image_card,Facebook 主圖或 3 張輪播。風格：長輩日常、散步、溫暖居家光線。,needed,,產出後需人工確認圖片/字幕沒有誇大療效。
Facebook_LINE317,LINE317,Facebook,2026-11-09,開會久坐後的腰背舒緩,image_card,Facebook 主圖或 3 張輪播。風格：辦公室、肩頸伸展、清爽自然光。,needed,,產出後需人工確認圖片/字幕沒有誇大療效。
Facebook_LINE318,LINE318,Facebook,2026-11-09,一條根外用膏的日常定位,image_card,Facebook 主圖或 3 張輪播。風格：產品特寫、成分植物、乾淨桌面、金色暖光。,needed,,產出後需人工確認圖片/字幕沒有誇大療效。
Facebook_LINE319,LINE319,Facebook,2026-11-10,處暑後運動暖身提醒,image_card,Facebook 主圖或 3 張輪播。風格：節氣自然景、草本、季節色彩。,needed,,產出後需人工確認圖片/字幕沒有誇大療效。
Facebook_LINE320,LINE320,Facebook,2026-11-10,兒童使用前的安全提醒,image_card,Facebook 主圖或 3 張輪播。風格：安全提醒圖卡、清楚 icon、紅黃綠分級。,needed,,產出後需人工確認圖片/字幕沒有誇大療效。
Facebook_LINE321,LINE321,Facebook,2026-11-11,外用膏廣告為什麼要保守,image_card,Facebook 主圖或 3 張輪播。風格：藥證透明、標示檢查、品牌信任感。,needed,,產出後需人工確認圖片/字幕沒有誇大療效。
Facebook_LINE322,LINE322,Facebook,2026-11-11,久坐族最想舒緩哪裡,image_card,Facebook 主圖或 3 張輪播。風格：LINE 互動投票圖卡、問句大字、簡潔背景。,needed,,產出後需人工確認圖片/字幕沒有誇大療效。
Facebook_LINE323,LINE323,Facebook,2026-11-12,跑步後膝周不適的保守提醒,image_card,Facebook 主圖或 3 張輪播。風格：運動後伸展、局部按摩、戶外或健身情境。,needed,,產出後需人工確認圖片/字幕沒有誇大療效。
Facebook_LINE324,LINE324,Facebook,2026-11-12,成分濃度為什麼要看標示,image_card,Facebook 主圖或 3 張輪播。風格：產品特寫、成分植物、乾淨桌面、金色暖光。,needed,,產出後需人工確認圖片/字幕沒有誇大療效。
Facebook_LINE325,LINE325,Facebook,2026-11-13,照顧爸媽時的外用提醒,image_card,Facebook 主圖或 3 張輪播。風格：長輩日常、散步、溫暖居家光線。,needed,,產出後需人工確認圖片/字幕沒有誇大療效。
Facebook_LINE326,LINE326,Facebook,2026-11-13,孕婦與哺乳族群先詢問專業人員,image_card,Facebook 主圖或 3 張輪播。風格：安全提醒圖卡、清楚 icon、紅黃綠分級。,needed,,產出後需人工確認圖片/字幕沒有誇大療效。
Facebook_LINE327,LINE327,Facebook,2026-11-14,白露時節關心長輩活動,image_card,Facebook 主圖或 3 張輪播。風格：節氣自然景、草本、季節色彩。,needed,,產出後需人工確認圖片/字幕沒有誇大療效。
Facebook_LINE328,LINE328,Facebook,2026-11-14,勞動後先休息再按摩,image_card,Facebook 主圖或 3 張輪播。風格：運動後伸展、局部按摩、戶外或健身情境。,needed,,產出後需人工確認圖片/字幕沒有誇大療效。
Facebook_LINE329,LINE329,Facebook,2026-11-15,長輩使用外用膏你會提醒什麼,image_card,Facebook 主圖或 3 張輪播。風格：LINE 互動投票圖卡、問句大字、簡潔背景。,needed,,產出後需人工確認圖片/字幕沒有誇大療效。
Facebook_LINE330,LINE330,Facebook,2026-11-15,日常活動舒適度的三個習慣,image_card,Facebook 主圖或 3 張輪播。風格：長輩日常、散步、溫暖居家光線。,needed,,產出後需人工確認圖片/字幕沒有誇大療效。
Facebook_LINE331,LINE331,Facebook,2026-11-16,下班前五分鐘伸展,image_card,Facebook 主圖或 3 張輪播。風格：辦公室、肩頸伸展、清爽自然光。,needed,,產出後需人工確認圖片/字幕沒有誇大療效。
Facebook_LINE332,LINE332,Facebook,2026-11-16,局部按摩和大面積厚敷的差別,image_card,Facebook 主圖或 3 張輪播。風格：產品特寫、成分植物、乾淨桌面、金色暖光。,needed,,產出後需人工確認圖片/字幕沒有誇大療效。
Facebook_LINE333,LINE333,Facebook,2026-11-17,秋分後外出前暖身,image_card,Facebook 主圖或 3 張輪播。風格：節氣自然景、草本、季節色彩。,needed,,產出後需人工確認圖片/字幕沒有誇大療效。
Facebook_LINE334,LINE334,Facebook,2026-11-17,症狀超過七天要停用並諮詢,image_card,Facebook 主圖或 3 張輪播。風格：安全提醒圖卡、清楚 icon、紅黃綠分級。,needed,,產出後需人工確認圖片/字幕沒有誇大療效。
Facebook_LINE335,LINE335,Facebook,2026-11-18,成分透明是基本功,image_card,Facebook 主圖或 3 張輪播。風格：藥證透明、標示檢查、品牌信任感。,needed,,產出後需人工確認圖片/字幕沒有誇大療效。
Facebook_LINE336,LINE336,Facebook,2026-11-18,一條根可以天天厚敷嗎,image_card,Facebook 主圖或 3 張輪播。風格：LINE 互動投票圖卡、問句大字、簡潔背景。,needed,,產出後需人工確認圖片/字幕沒有誇大療效。
Facebook_LINE337,LINE337,Facebook,2026-11-19,運動後不要立刻熱敷加藥膏,image_card,Facebook 主圖或 3 張輪播。風格：運動後伸展、局部按摩、戶外或健身情境。,needed,,產出後需人工確認圖片/字幕沒有誇大療效。
Facebook_LINE338,LINE338,Facebook,2026-11-19,使用前先小範圍測試,image_card,Facebook 主圖或 3 張輪播。風格：產品特寫、成分植物、乾淨桌面、金色暖光。,needed,,產出後需人工確認圖片/字幕沒有誇大療效。
Facebook_LINE339,LINE339,Facebook,2026-11-20,長輩使用前先看標示,image_card,Facebook 主圖或 3 張輪播。風格：長輩日常、散步、溫暖居家光線。,needed,,產出後需人工確認圖片/字幕沒有誇大療效。
Facebook_LINE340,LINE340,Facebook,2026-11-20,皮膚刺激時要停止使用,image_card,Facebook 主圖或 3 張輪播。風格：安全提醒圖卡、清楚 icon、紅黃綠分級。,needed,,產出後需人工確認圖片/字幕沒有誇大療效。
Facebook_LINE341,LINE341,Facebook,2026-11-21,寒露後肩背保養,image_card,Facebook 主圖或 3 張輪播。風格：節氣自然景、草本、季節色彩。,needed,,產出後需人工確認圖片/字幕沒有誇大療效。
Facebook_LINE342,LINE342,Facebook,2026-11-21,輕微拉扯後的觀察重點,image_card,Facebook 主圖或 3 張輪播。風格：運動後伸展、局部按摩、戶外或健身情境。,needed,,產出後需人工確認圖片/字幕沒有誇大療效。
Facebook_LINE343,LINE343,Facebook,2026-11-22,擦完可以馬上熱敷嗎,image_card,Facebook 主圖或 3 張輪播。風格：LINE 互動投票圖卡、問句大字、簡潔背景。,needed,,產出後需人工確認圖片/字幕沒有誇大療效。
Facebook_LINE344,LINE344,Facebook,2026-11-22,別把長期疼痛只當小問題,image_card,Facebook 主圖或 3 張輪播。風格：長輩日常、散步、溫暖居家光線。,needed,,產出後需人工確認圖片/字幕沒有誇大療效。
Facebook_LINE345,LINE345,Facebook,2026-11-23,滑手機後頸部保養,image_card,Facebook 主圖或 3 張輪播。風格：辦公室、肩頸伸展、清爽自然光。,needed,,產出後需人工確認圖片/字幕沒有誇大療效。
Facebook_LINE346,LINE346,Facebook,2026-11-23,產品不是神藥，定位要講清楚,image_card,Facebook 主圖或 3 張輪播。風格：產品特寫、成分植物、乾淨桌面、金色暖光。,needed,,產出後需人工確認圖片/字幕沒有誇大療效。
Facebook_LINE347,LINE347,Facebook,2026-11-24,立冬前後的日常舒緩儀式,image_card,Facebook 主圖或 3 張輪播。風格：節氣自然景、草本、季節色彩。,needed,,產出後需人工確認圖片/字幕沒有誇大療效。
Facebook_LINE348,LINE348,Facebook,2026-11-24,深層症狀不適合自行處理,image_card,Facebook 主圖或 3 張輪播。風格：安全提醒圖卡、清楚 icon、紅黃綠分級。,needed,,產出後需人工確認圖片/字幕沒有誇大療效。
Facebook_LINE349,LINE349,Facebook,2026-11-25,每篇貼文都要人工審核,image_card,Facebook 主圖或 3 張輪播。風格：藥證透明、標示檢查、品牌信任感。,needed,,產出後需人工確認圖片/字幕沒有誇大療效。
Facebook_LINE350,LINE350,Facebook,2026-11-25,哪些情況應該先就醫,image_card,Facebook 主圖或 3 張輪播。風格：LINE 互動投票圖卡、問句大字、簡潔背景。,needed,,產出後需人工確認圖片/字幕沒有誇大療效。
Facebook_LINE351,LINE351,Facebook,2026-11-26,運動後局部痠痛的保守處理,image_card,Facebook 主圖或 3 張輪播。風格：運動後伸展、局部按摩、戶外或健身情境。,needed,,產出後需人工確認圖片/字幕沒有誇大療效。
Facebook_LINE352,LINE352,Facebook,2026-11-26,冬青油與清涼舒緩體感,image_card,Facebook 主圖或 3 張輪播。風格：產品特寫、成分植物、乾淨桌面、金色暖光。,needed,,產出後需人工確認圖片/字幕沒有誇大療效。
Facebook_LINE353,LINE353,Facebook,2026-11-27,早晨活動前的關節暖身,image_card,Facebook 主圖或 3 張輪播。風格：長輩日常、散步、溫暖居家光線。,needed,,產出後需人工確認圖片/字幕沒有誇大療效。
Facebook_LINE354,LINE354,Facebook,2026-11-27,不能擦在破皮或傷口,image_card,Facebook 主圖或 3 張輪播。風格：安全提醒圖卡、清楚 icon、紅黃綠分級。,needed,,產出後需人工確認圖片/字幕沒有誇大療效。
Facebook_LINE355,LINE355,Facebook,2026-11-28,芒種後濕熱生活保養,image_card,Facebook 主圖或 3 張輪播。風格：節氣自然景、草本、季節色彩。,needed,,產出後需人工確認圖片/字幕沒有誇大療效。
Facebook_LINE356,LINE356,Facebook,2026-11-28,久站後小腿不適舒緩,image_card,Facebook 主圖或 3 張輪播。風格：運動後伸展、局部按摩、戶外或健身情境。,needed,,產出後需人工確認圖片/字幕沒有誇大療效。
Facebook_LINE357,LINE357,Facebook,2026-11-29,你最常哪個部位緊繃,image_card,Facebook 主圖或 3 張輪播。風格：LINE 互動投票圖卡、問句大字、簡潔背景。,needed,,產出後需人工確認圖片/字幕沒有誇大療效。
Facebook_LINE358,LINE358,Facebook,2026-11-29,長輩外用膏使用安全,image_card,Facebook 主圖或 3 張輪播。風格：長輩日常、散步、溫暖居家光線。,needed,,產出後需人工確認圖片/字幕沒有誇大療效。
Facebook_LINE359,LINE359,Facebook,2026-11-30,辦公桌前的姿勢檢查,image_card,Facebook 主圖或 3 張輪播。風格：辦公室、肩頸伸展、清爽自然光。,needed,,產出後需人工確認圖片/字幕沒有誇大療效。
Facebook_LINE360,LINE360,Facebook,2026-11-30,薄荷腦帶來的涼感來源,image_card,Facebook 主圖或 3 張輪播。風格：產品特寫、成分植物、乾淨桌面、金色暖光。,needed,,產出後需人工確認圖片/字幕沒有誇大療效。
