"review_id","priority","reviewer_decision","allowed_decisions","reviewer","reviewed_at","review_notes","publish_allowed","final_publish_status","scheduled_date","scheduled_time","platform","topic_title","compliance_status","forbidden_term_hits","draft_title","main_text","caption_or_description","asset_brief","trust_assets_required","truth_basis","must_verify_before_publish","workflow_action","source_post_id","platform_post_id","original_scheduled_date"
"LINE_DRYRUN_017","P1_REWRITTEN_RECHECK","PENDING","APPROVE_FOR_MANUAL_SCHEDULE | NEEDS_REWRITE | REJECT | LEGAL_REVIEW","","","","NO","NOT_APPROVED","2026-06-25","12:00","LINE_OA","輕微關節不適，日常保養要分清楚","PASS_REWRITTEN_PENDING_HUMAN_REVIEW","","輕微關節不適，日常保養要分清楚","輕微關節不適，日常保養要分清楚

幫長輩準備外用產品時，重點是安全、清楚、依標示使用，不把日常保養說成醫療效果。

這款定位是外用油膏，適合局部按摩放鬆與暫時舒緩日常不適。衛署成製015614，乙類成藥，資料可至衛福部中藥許可證系統查詢。

外用產品請依標示使用；身體不適、狀況持續或變嚴重時，請諮詢醫師或藥師。
下單前可先私訊索取藥證查詢方式與外盒標示照片。","保守教育型 LINE 貼文，強調依標示使用、局部按摩放鬆、身體狀況持續時諮詢醫師或藥師。","圖卡：輕微關節不適與日常保養要分清楚 / 藥證可查 / 依標示使用 / 局部按摩放鬆","建議搭配：外盒標示實拍、藥證查詢截圖、產品質地短影片、客服回覆截圖（遮個資）。","衛福部中藥許可證：衛署成製015614；類別：乙類成藥；劑型：油膏劑。","退換貨、付款、客服、出貨、價格、通路與任何見證內容，發布前須由人工確認。","NO_LINE_API_CALL_NO_AUTO_PUBLISH_REVIEW_QUEUE_ONLY","LINE017","LINE_OA_LINE017_V2","2026-06-12"
"LINE_DRYRUN_087","P1_REWRITTEN_RECHECK","PENDING","APPROVE_FOR_MANUAL_SCHEDULE | NEEDS_REWRITE | REJECT | LEGAL_REVIEW","","","","NO","NOT_APPROVED","2026-07-30","12:00","LINE_OA","輕微關節不適，日常保養要分清楚","PASS_REWRITTEN_PENDING_HUMAN_REVIEW","","輕微關節不適，日常保養要分清楚","輕微關節不適，日常保養要分清楚

幫長輩準備外用產品時，重點是安全、清楚、依標示使用，不把日常保養說成醫療效果。

這款定位是外用油膏，適合局部按摩放鬆與暫時舒緩日常不適。衛署成製015614，乙類成藥，資料可至衛福部中藥許可證系統查詢。

外用產品請依標示使用；身體不適、狀況持續或變嚴重時，請諮詢醫師或藥師。
下單前可先私訊索取藥證查詢方式與外盒標示照片。","保守教育型 LINE 貼文，強調依標示使用、局部按摩放鬆、身體狀況持續時諮詢醫師或藥師。","圖卡：輕微關節不適與日常保養要分清楚 / 藥證可查 / 依標示使用 / 局部按摩放鬆","建議搭配：外盒標示實拍、藥證查詢截圖、產品質地短影片、客服回覆截圖（遮個資）。","衛福部中藥許可證：衛署成製015614；類別：乙類成藥；劑型：油膏劑。","退換貨、付款、客服、出貨、價格、通路與任何見證內容，發布前須由人工確認。","NO_LINE_API_CALL_NO_AUTO_PUBLISH_REVIEW_QUEUE_ONLY","LINE087","LINE_OA_LINE087_V2","2026-07-17"
"LINE_DRYRUN_157","P1_REWRITTEN_RECHECK","PENDING","APPROVE_FOR_MANUAL_SCHEDULE | NEEDS_REWRITE | REJECT | LEGAL_REVIEW","","","","NO","NOT_APPROVED","2026-09-03","12:00","LINE_OA","輕微關節不適，日常保養要分清楚","PASS_REWRITTEN_PENDING_HUMAN_REVIEW","","輕微關節不適，日常保養要分清楚","輕微關節不適，日常保養要分清楚

幫長輩準備外用產品時，重點是安全、清楚、依標示使用，不把日常保養說成醫療效果。

這款定位是外用油膏，適合局部按摩放鬆與暫時舒緩日常不適。衛署成製015614，乙類成藥，資料可至衛福部中藥許可證系統查詢。

外用產品請依標示使用；身體不適、狀況持續或變嚴重時，請諮詢醫師或藥師。
下單前可先私訊索取藥證查詢方式與外盒標示照片。","保守教育型 LINE 貼文，強調依標示使用、局部按摩放鬆、身體狀況持續時諮詢醫師或藥師。","圖卡：輕微關節不適與日常保養要分清楚 / 藥證可查 / 依標示使用 / 局部按摩放鬆","建議搭配：外盒標示實拍、藥證查詢截圖、產品質地短影片、客服回覆截圖（遮個資）。","衛福部中藥許可證：衛署成製015614；類別：乙類成藥；劑型：油膏劑。","退換貨、付款、客服、出貨、價格、通路與任何見證內容，發布前須由人工確認。","NO_LINE_API_CALL_NO_AUTO_PUBLISH_REVIEW_QUEUE_ONLY","LINE157","LINE_OA_LINE157_V2","2026-08-21"
"LINE_DRYRUN_227","P1_REWRITTEN_RECHECK","PENDING","APPROVE_FOR_MANUAL_SCHEDULE | NEEDS_REWRITE | REJECT | LEGAL_REVIEW","","","","NO","NOT_APPROVED","2026-10-08","12:00","LINE_OA","輕微關節不適，日常保養要分清楚","PASS_REWRITTEN_PENDING_HUMAN_REVIEW","","輕微關節不適，日常保養要分清楚","輕微關節不適，日常保養要分清楚

幫長輩準備外用產品時，重點是安全、清楚、依標示使用，不把日常保養說成醫療效果。

這款定位是外用油膏，適合局部按摩放鬆與暫時舒緩日常不適。衛署成製015614，乙類成藥，資料可至衛福部中藥許可證系統查詢。

外用產品請依標示使用；身體不適、狀況持續或變嚴重時，請諮詢醫師或藥師。
下單前可先私訊索取藥證查詢方式與外盒標示照片。","保守教育型 LINE 貼文，強調依標示使用、局部按摩放鬆、身體狀況持續時諮詢醫師或藥師。","圖卡：輕微關節不適與日常保養要分清楚 / 藥證可查 / 依標示使用 / 局部按摩放鬆","建議搭配：外盒標示實拍、藥證查詢截圖、產品質地短影片、客服回覆截圖（遮個資）。","衛福部中藥許可證：衛署成製015614；類別：乙類成藥；劑型：油膏劑。","退換貨、付款、客服、出貨、價格、通路與任何見證內容，發布前須由人工確認。","NO_LINE_API_CALL_NO_AUTO_PUBLISH_REVIEW_QUEUE_ONLY","LINE227","LINE_OA_LINE227_V2","2026-09-25"
"LINE_DRYRUN_297","P1_REWRITTEN_RECHECK","PENDING","APPROVE_FOR_MANUAL_SCHEDULE | NEEDS_REWRITE | REJECT | LEGAL_REVIEW","","","","NO","NOT_APPROVED","2026-11-12","12:00","LINE_OA","輕微關節不適，日常保養要分清楚","PASS_REWRITTEN_PENDING_HUMAN_REVIEW","","輕微關節不適，日常保養要分清楚","輕微關節不適，日常保養要分清楚

幫長輩準備外用產品時，重點是安全、清楚、依標示使用，不把日常保養說成醫療效果。

這款定位是外用油膏，適合局部按摩放鬆與暫時舒緩日常不適。衛署成製015614，乙類成藥，資料可至衛福部中藥許可證系統查詢。

外用產品請依標示使用；身體不適、狀況持續或變嚴重時，請諮詢醫師或藥師。
下單前可先私訊索取藥證查詢方式與外盒標示照片。","保守教育型 LINE 貼文，強調依標示使用、局部按摩放鬆、身體狀況持續時諮詢醫師或藥師。","圖卡：輕微關節不適與日常保養要分清楚 / 藥證可查 / 依標示使用 / 局部按摩放鬆","建議搭配：外盒標示實拍、藥證查詢截圖、產品質地短影片、客服回覆截圖（遮個資）。","衛福部中藥許可證：衛署成製015614；類別：乙類成藥；劑型：油膏劑。","退換貨、付款、客服、出貨、價格、通路與任何見證內容，發布前須由人工確認。","NO_LINE_API_CALL_NO_AUTO_PUBLISH_REVIEW_QUEUE_ONLY","LINE297","LINE_OA_LINE297_V2","2026-10-30"
