platform_post_id,source_post_id,platform,date,time,published_url,reach,views,likes,comments,shares,saves,clicks,notes
LINE_OA_LINE001,LINE001,LINE 官方帳號,2026-06-04,12:00,,,,,,,,,
LINE_OA_LINE002,LINE002,LINE 官方帳號,2026-06-04,20:00,,,,,,,,,
LINE_OA_LINE003,LINE003,LINE 官方帳號,2026-06-05,12:00,,,,,,,,,
LINE_OA_LINE004,LINE004,LINE 官方帳號,2026-06-05,20:00,,,,,,,,,
LINE_OA_LINE005,LINE005,LINE 官方帳號,2026-06-06,12:00,,,,,,,,,
LINE_OA_LINE006,LINE006,LINE 官方帳號,2026-06-06,20:00,,,,,,,,,
LINE_OA_LINE007,LINE007,LINE 官方帳號,2026-06-07,12:00,,,,,,,,,
LINE_OA_LINE008,LINE008,LINE 官方帳號,2026-06-07,20:00,,,,,,,,,
LINE_OA_LINE009,LINE009,LINE 官方帳號,2026-06-08,12:00,,,,,,,,,
LINE_OA_LINE010,LINE010,LINE 官方帳號,2026-06-08,20:00,,,,,,,,,
LINE_OA_LINE011,LINE011,LINE 官方帳號,2026-06-09,12:00,,,,,,,,,
LINE_OA_LINE012,LINE012,LINE 官方帳號,2026-06-09,20:00,,,,,,,,,
LINE_OA_LINE013,LINE013,LINE 官方帳號,2026-06-10,12:00,,,,,,,,,
LINE_OA_LINE014,LINE014,LINE 官方帳號,2026-06-10,20:00,,,,,,,,,
LINE_OA_LINE015,LINE015,LINE 官方帳號,2026-06-11,12:00,,,,,,,,,
LINE_OA_LINE016,LINE016,LINE 官方帳號,2026-06-11,20:00,,,,,,,,,
LINE_OA_LINE017,LINE017,LINE 官方帳號,2026-06-12,12:00,,,,,,,,,
LINE_OA_LINE018,LINE018,LINE 官方帳號,2026-06-12,20:00,,,,,,,,,
LINE_OA_LINE019,LINE019,LINE 官方帳號,2026-06-13,12:00,,,,,,,,,
LINE_OA_LINE020,LINE020,LINE 官方帳號,2026-06-13,20:00,,,,,,,,,
LINE_OA_LINE021,LINE021,LINE 官方帳號,2026-06-14,12:00,,,,,,,,,
LINE_OA_LINE022,LINE022,LINE 官方帳號,2026-06-14,20:00,,,,,,,,,
LINE_OA_LINE023,LINE023,LINE 官方帳號,2026-06-15,12:00,,,,,,,,,
LINE_OA_LINE024,LINE024,LINE 官方帳號,2026-06-15,20:00,,,,,,,,,
LINE_OA_LINE025,LINE025,LINE 官方帳號,2026-06-16,12:00,,,,,,,,,
LINE_OA_LINE026,LINE026,LINE 官方帳號,2026-06-16,20:00,,,,,,,,,
LINE_OA_LINE027,LINE027,LINE 官方帳號,2026-06-17,12:00,,,,,,,,,
LINE_OA_LINE028,LINE028,LINE 官方帳號,2026-06-17,20:00,,,,,,,,,
LINE_OA_LINE029,LINE029,LINE 官方帳號,2026-06-18,12:00,,,,,,,,,
LINE_OA_LINE030,LINE030,LINE 官方帳號,2026-06-18,20:00,,,,,,,,,
LINE_OA_LINE031,LINE031,LINE 官方帳號,2026-06-19,12:00,,,,,,,,,
LINE_OA_LINE032,LINE032,LINE 官方帳號,2026-06-19,20:00,,,,,,,,,
LINE_OA_LINE033,LINE033,LINE 官方帳號,2026-06-20,12:00,,,,,,,,,
LINE_OA_LINE034,LINE034,LINE 官方帳號,2026-06-20,20:00,,,,,,,,,
LINE_OA_LINE035,LINE035,LINE 官方帳號,2026-06-21,12:00,,,,,,,,,
LINE_OA_LINE036,LINE036,LINE 官方帳號,2026-06-21,20:00,,,,,,,,,
LINE_OA_LINE037,LINE037,LINE 官方帳號,2026-06-22,12:00,,,,,,,,,
LINE_OA_LINE038,LINE038,LINE 官方帳號,2026-06-22,20:00,,,,,,,,,
LINE_OA_LINE039,LINE039,LINE 官方帳號,2026-06-23,12:00,,,,,,,,,
LINE_OA_LINE040,LINE040,LINE 官方帳號,2026-06-23,20:00,,,,,,,,,
LINE_OA_LINE041,LINE041,LINE 官方帳號,2026-06-24,12:00,,,,,,,,,
LINE_OA_LINE042,LINE042,LINE 官方帳號,2026-06-24,20:00,,,,,,,,,
LINE_OA_LINE043,LINE043,LINE 官方帳號,2026-06-25,12:00,,,,,,,,,
LINE_OA_LINE044,LINE044,LINE 官方帳號,2026-06-25,20:00,,,,,,,,,
LINE_OA_LINE045,LINE045,LINE 官方帳號,2026-06-26,12:00,,,,,,,,,
LINE_OA_LINE046,LINE046,LINE 官方帳號,2026-06-26,20:00,,,,,,,,,
LINE_OA_LINE047,LINE047,LINE 官方帳號,2026-06-27,12:00,,,,,,,,,
LINE_OA_LINE048,LINE048,LINE 官方帳號,2026-06-27,20:00,,,,,,,,,
LINE_OA_LINE049,LINE049,LINE 官方帳號,2026-06-28,12:00,,,,,,,,,
LINE_OA_LINE050,LINE050,LINE 官方帳號,2026-06-28,20:00,,,,,,,,,
LINE_OA_LINE051,LINE051,LINE 官方帳號,2026-06-29,12:00,,,,,,,,,
LINE_OA_LINE052,LINE052,LINE 官方帳號,2026-06-29,20:00,,,,,,,,,
LINE_OA_LINE053,LINE053,LINE 官方帳號,2026-06-30,12:00,,,,,,,,,
LINE_OA_LINE054,LINE054,LINE 官方帳號,2026-06-30,20:00,,,,,,,,,
LINE_OA_LINE055,LINE055,LINE 官方帳號,2026-07-01,12:00,,,,,,,,,
LINE_OA_LINE056,LINE056,LINE 官方帳號,2026-07-01,20:00,,,,,,,,,
LINE_OA_LINE057,LINE057,LINE 官方帳號,2026-07-02,12:00,,,,,,,,,
LINE_OA_LINE058,LINE058,LINE 官方帳號,2026-07-02,20:00,,,,,,,,,
LINE_OA_LINE059,LINE059,LINE 官方帳號,2026-07-03,12:00,,,,,,,,,
LINE_OA_LINE060,LINE060,LINE 官方帳號,2026-07-03,20:00,,,,,,,,,
LINE_OA_LINE061,LINE061,LINE 官方帳號,2026-07-04,12:00,,,,,,,,,
LINE_OA_LINE062,LINE062,LINE 官方帳號,2026-07-04,20:00,,,,,,,,,
LINE_OA_LINE063,LINE063,LINE 官方帳號,2026-07-05,12:00,,,,,,,,,
LINE_OA_LINE064,LINE064,LINE 官方帳號,2026-07-05,20:00,,,,,,,,,
LINE_OA_LINE065,LINE065,LINE 官方帳號,2026-07-06,12:00,,,,,,,,,
LINE_OA_LINE066,LINE066,LINE 官方帳號,2026-07-06,20:00,,,,,,,,,
LINE_OA_LINE067,LINE067,LINE 官方帳號,2026-07-07,12:00,,,,,,,,,
LINE_OA_LINE068,LINE068,LINE 官方帳號,2026-07-07,20:00,,,,,,,,,
LINE_OA_LINE069,LINE069,LINE 官方帳號,2026-07-08,12:00,,,,,,,,,
LINE_OA_LINE070,LINE070,LINE 官方帳號,2026-07-08,20:00,,,,,,,,,
LINE_OA_LINE071,LINE071,LINE 官方帳號,2026-07-09,12:00,,,,,,,,,
LINE_OA_LINE072,LINE072,LINE 官方帳號,2026-07-09,20:00,,,,,,,,,
LINE_OA_LINE073,LINE073,LINE 官方帳號,2026-07-10,12:00,,,,,,,,,
LINE_OA_LINE074,LINE074,LINE 官方帳號,2026-07-10,20:00,,,,,,,,,
LINE_OA_LINE075,LINE075,LINE 官方帳號,2026-07-11,12:00,,,,,,,,,
LINE_OA_LINE076,LINE076,LINE 官方帳號,2026-07-11,20:00,,,,,,,,,
LINE_OA_LINE077,LINE077,LINE 官方帳號,2026-07-12,12:00,,,,,,,,,
LINE_OA_LINE078,LINE078,LINE 官方帳號,2026-07-12,20:00,,,,,,,,,
LINE_OA_LINE079,LINE079,LINE 官方帳號,2026-07-13,12:00,,,,,,,,,
LINE_OA_LINE080,LINE080,LINE 官方帳號,2026-07-13,20:00,,,,,,,,,
LINE_OA_LINE081,LINE081,LINE 官方帳號,2026-07-14,12:00,,,,,,,,,
LINE_OA_LINE082,LINE082,LINE 官方帳號,2026-07-14,20:00,,,,,,,,,
LINE_OA_LINE083,LINE083,LINE 官方帳號,2026-07-15,12:00,,,,,,,,,
LINE_OA_LINE084,LINE084,LINE 官方帳號,2026-07-15,20:00,,,,,,,,,
LINE_OA_LINE085,LINE085,LINE 官方帳號,2026-07-16,12:00,,,,,,,,,
LINE_OA_LINE086,LINE086,LINE 官方帳號,2026-07-16,20:00,,,,,,,,,
LINE_OA_LINE087,LINE087,LINE 官方帳號,2026-07-17,12:00,,,,,,,,,
LINE_OA_LINE088,LINE088,LINE 官方帳號,2026-07-17,20:00,,,,,,,,,
LINE_OA_LINE089,LINE089,LINE 官方帳號,2026-07-18,12:00,,,,,,,,,
LINE_OA_LINE090,LINE090,LINE 官方帳號,2026-07-18,20:00,,,,,,,,,
LINE_OA_LINE091,LINE091,LINE 官方帳號,2026-07-19,12:00,,,,,,,,,
LINE_OA_LINE092,LINE092,LINE 官方帳號,2026-07-19,20:00,,,,,,,,,
LINE_OA_LINE093,LINE093,LINE 官方帳號,2026-07-20,12:00,,,,,,,,,
LINE_OA_LINE094,LINE094,LINE 官方帳號,2026-07-20,20:00,,,,,,,,,
LINE_OA_LINE095,LINE095,LINE 官方帳號,2026-07-21,12:00,,,,,,,,,
LINE_OA_LINE096,LINE096,LINE 官方帳號,2026-07-21,20:00,,,,,,,,,
LINE_OA_LINE097,LINE097,LINE 官方帳號,2026-07-22,12:00,,,,,,,,,
LINE_OA_LINE098,LINE098,LINE 官方帳號,2026-07-22,20:00,,,,,,,,,
LINE_OA_LINE099,LINE099,LINE 官方帳號,2026-07-23,12:00,,,,,,,,,
LINE_OA_LINE100,LINE100,LINE 官方帳號,2026-07-23,20:00,,,,,,,,,
LINE_OA_LINE101,LINE101,LINE 官方帳號,2026-07-24,12:00,,,,,,,,,
LINE_OA_LINE102,LINE102,LINE 官方帳號,2026-07-24,20:00,,,,,,,,,
LINE_OA_LINE103,LINE103,LINE 官方帳號,2026-07-25,12:00,,,,,,,,,
LINE_OA_LINE104,LINE104,LINE 官方帳號,2026-07-25,20:00,,,,,,,,,
LINE_OA_LINE105,LINE105,LINE 官方帳號,2026-07-26,12:00,,,,,,,,,
LINE_OA_LINE106,LINE106,LINE 官方帳號,2026-07-26,20:00,,,,,,,,,
LINE_OA_LINE107,LINE107,LINE 官方帳號,2026-07-27,12:00,,,,,,,,,
LINE_OA_LINE108,LINE108,LINE 官方帳號,2026-07-27,20:00,,,,,,,,,
LINE_OA_LINE109,LINE109,LINE 官方帳號,2026-07-28,12:00,,,,,,,,,
LINE_OA_LINE110,LINE110,LINE 官方帳號,2026-07-28,20:00,,,,,,,,,
LINE_OA_LINE111,LINE111,LINE 官方帳號,2026-07-29,12:00,,,,,,,,,
LINE_OA_LINE112,LINE112,LINE 官方帳號,2026-07-29,20:00,,,,,,,,,
LINE_OA_LINE113,LINE113,LINE 官方帳號,2026-07-30,12:00,,,,,,,,,
LINE_OA_LINE114,LINE114,LINE 官方帳號,2026-07-30,20:00,,,,,,,,,
LINE_OA_LINE115,LINE115,LINE 官方帳號,2026-07-31,12:00,,,,,,,,,
LINE_OA_LINE116,LINE116,LINE 官方帳號,2026-07-31,20:00,,,,,,,,,
LINE_OA_LINE117,LINE117,LINE 官方帳號,2026-08-01,12:00,,,,,,,,,
LINE_OA_LINE118,LINE118,LINE 官方帳號,2026-08-01,20:00,,,,,,,,,
LINE_OA_LINE119,LINE119,LINE 官方帳號,2026-08-02,12:00,,,,,,,,,
LINE_OA_LINE120,LINE120,LINE 官方帳號,2026-08-02,20:00,,,,,,,,,
LINE_OA_LINE121,LINE121,LINE 官方帳號,2026-08-03,12:00,,,,,,,,,
LINE_OA_LINE122,LINE122,LINE 官方帳號,2026-08-03,20:00,,,,,,,,,
LINE_OA_LINE123,LINE123,LINE 官方帳號,2026-08-04,12:00,,,,,,,,,
LINE_OA_LINE124,LINE124,LINE 官方帳號,2026-08-04,20:00,,,,,,,,,
LINE_OA_LINE125,LINE125,LINE 官方帳號,2026-08-05,12:00,,,,,,,,,
LINE_OA_LINE126,LINE126,LINE 官方帳號,2026-08-05,20:00,,,,,,,,,
LINE_OA_LINE127,LINE127,LINE 官方帳號,2026-08-06,12:00,,,,,,,,,
LINE_OA_LINE128,LINE128,LINE 官方帳號,2026-08-06,20:00,,,,,,,,,
LINE_OA_LINE129,LINE129,LINE 官方帳號,2026-08-07,12:00,,,,,,,,,
LINE_OA_LINE130,LINE130,LINE 官方帳號,2026-08-07,20:00,,,,,,,,,
LINE_OA_LINE131,LINE131,LINE 官方帳號,2026-08-08,12:00,,,,,,,,,
LINE_OA_LINE132,LINE132,LINE 官方帳號,2026-08-08,20:00,,,,,,,,,
LINE_OA_LINE133,LINE133,LINE 官方帳號,2026-08-09,12:00,,,,,,,,,
LINE_OA_LINE134,LINE134,LINE 官方帳號,2026-08-09,20:00,,,,,,,,,
LINE_OA_LINE135,LINE135,LINE 官方帳號,2026-08-10,12:00,,,,,,,,,
LINE_OA_LINE136,LINE136,LINE 官方帳號,2026-08-10,20:00,,,,,,,,,
LINE_OA_LINE137,LINE137,LINE 官方帳號,2026-08-11,12:00,,,,,,,,,
LINE_OA_LINE138,LINE138,LINE 官方帳號,2026-08-11,20:00,,,,,,,,,
LINE_OA_LINE139,LINE139,LINE 官方帳號,2026-08-12,12:00,,,,,,,,,
LINE_OA_LINE140,LINE140,LINE 官方帳號,2026-08-12,20:00,,,,,,,,,
LINE_OA_LINE141,LINE141,LINE 官方帳號,2026-08-13,12:00,,,,,,,,,
LINE_OA_LINE142,LINE142,LINE 官方帳號,2026-08-13,20:00,,,,,,,,,
LINE_OA_LINE143,LINE143,LINE 官方帳號,2026-08-14,12:00,,,,,,,,,
LINE_OA_LINE144,LINE144,LINE 官方帳號,2026-08-14,20:00,,,,,,,,,
LINE_OA_LINE145,LINE145,LINE 官方帳號,2026-08-15,12:00,,,,,,,,,
LINE_OA_LINE146,LINE146,LINE 官方帳號,2026-08-15,20:00,,,,,,,,,
LINE_OA_LINE147,LINE147,LINE 官方帳號,2026-08-16,12:00,,,,,,,,,
LINE_OA_LINE148,LINE148,LINE 官方帳號,2026-08-16,20:00,,,,,,,,,
LINE_OA_LINE149,LINE149,LINE 官方帳號,2026-08-17,12:00,,,,,,,,,
LINE_OA_LINE150,LINE150,LINE 官方帳號,2026-08-17,20:00,,,,,,,,,
LINE_OA_LINE151,LINE151,LINE 官方帳號,2026-08-18,12:00,,,,,,,,,
LINE_OA_LINE152,LINE152,LINE 官方帳號,2026-08-18,20:00,,,,,,,,,
LINE_OA_LINE153,LINE153,LINE 官方帳號,2026-08-19,12:00,,,,,,,,,
LINE_OA_LINE154,LINE154,LINE 官方帳號,2026-08-19,20:00,,,,,,,,,
LINE_OA_LINE155,LINE155,LINE 官方帳號,2026-08-20,12:00,,,,,,,,,
LINE_OA_LINE156,LINE156,LINE 官方帳號,2026-08-20,20:00,,,,,,,,,
LINE_OA_LINE157,LINE157,LINE 官方帳號,2026-08-21,12:00,,,,,,,,,
LINE_OA_LINE158,LINE158,LINE 官方帳號,2026-08-21,20:00,,,,,,,,,
LINE_OA_LINE159,LINE159,LINE 官方帳號,2026-08-22,12:00,,,,,,,,,
LINE_OA_LINE160,LINE160,LINE 官方帳號,2026-08-22,20:00,,,,,,,,,
LINE_OA_LINE161,LINE161,LINE 官方帳號,2026-08-23,12:00,,,,,,,,,
LINE_OA_LINE162,LINE162,LINE 官方帳號,2026-08-23,20:00,,,,,,,,,
LINE_OA_LINE163,LINE163,LINE 官方帳號,2026-08-24,12:00,,,,,,,,,
LINE_OA_LINE164,LINE164,LINE 官方帳號,2026-08-24,20:00,,,,,,,,,
LINE_OA_LINE165,LINE165,LINE 官方帳號,2026-08-25,12:00,,,,,,,,,
LINE_OA_LINE166,LINE166,LINE 官方帳號,2026-08-25,20:00,,,,,,,,,
LINE_OA_LINE167,LINE167,LINE 官方帳號,2026-08-26,12:00,,,,,,,,,
LINE_OA_LINE168,LINE168,LINE 官方帳號,2026-08-26,20:00,,,,,,,,,
LINE_OA_LINE169,LINE169,LINE 官方帳號,2026-08-27,12:00,,,,,,,,,
LINE_OA_LINE170,LINE170,LINE 官方帳號,2026-08-27,20:00,,,,,,,,,
LINE_OA_LINE171,LINE171,LINE 官方帳號,2026-08-28,12:00,,,,,,,,,
LINE_OA_LINE172,LINE172,LINE 官方帳號,2026-08-28,20:00,,,,,,,,,
LINE_OA_LINE173,LINE173,LINE 官方帳號,2026-08-29,12:00,,,,,,,,,
LINE_OA_LINE174,LINE174,LINE 官方帳號,2026-08-29,20:00,,,,,,,,,
LINE_OA_LINE175,LINE175,LINE 官方帳號,2026-08-30,12:00,,,,,,,,,
LINE_OA_LINE176,LINE176,LINE 官方帳號,2026-08-30,20:00,,,,,,,,,
LINE_OA_LINE177,LINE177,LINE 官方帳號,2026-08-31,12:00,,,,,,,,,
LINE_OA_LINE178,LINE178,LINE 官方帳號,2026-08-31,20:00,,,,,,,,,
LINE_OA_LINE179,LINE179,LINE 官方帳號,2026-09-01,12:00,,,,,,,,,
LINE_OA_LINE180,LINE180,LINE 官方帳號,2026-09-01,20:00,,,,,,,,,
LINE_OA_LINE181,LINE181,LINE 官方帳號,2026-09-02,12:00,,,,,,,,,
LINE_OA_LINE182,LINE182,LINE 官方帳號,2026-09-02,20:00,,,,,,,,,
LINE_OA_LINE183,LINE183,LINE 官方帳號,2026-09-03,12:00,,,,,,,,,
LINE_OA_LINE184,LINE184,LINE 官方帳號,2026-09-03,20:00,,,,,,,,,
LINE_OA_LINE185,LINE185,LINE 官方帳號,2026-09-04,12:00,,,,,,,,,
LINE_OA_LINE186,LINE186,LINE 官方帳號,2026-09-04,20:00,,,,,,,,,
LINE_OA_LINE187,LINE187,LINE 官方帳號,2026-09-05,12:00,,,,,,,,,
LINE_OA_LINE188,LINE188,LINE 官方帳號,2026-09-05,20:00,,,,,,,,,
LINE_OA_LINE189,LINE189,LINE 官方帳號,2026-09-06,12:00,,,,,,,,,
LINE_OA_LINE190,LINE190,LINE 官方帳號,2026-09-06,20:00,,,,,,,,,
LINE_OA_LINE191,LINE191,LINE 官方帳號,2026-09-07,12:00,,,,,,,,,
LINE_OA_LINE192,LINE192,LINE 官方帳號,2026-09-07,20:00,,,,,,,,,
LINE_OA_LINE193,LINE193,LINE 官方帳號,2026-09-08,12:00,,,,,,,,,
LINE_OA_LINE194,LINE194,LINE 官方帳號,2026-09-08,20:00,,,,,,,,,
LINE_OA_LINE195,LINE195,LINE 官方帳號,2026-09-09,12:00,,,,,,,,,
LINE_OA_LINE196,LINE196,LINE 官方帳號,2026-09-09,20:00,,,,,,,,,
LINE_OA_LINE197,LINE197,LINE 官方帳號,2026-09-10,12:00,,,,,,,,,
LINE_OA_LINE198,LINE198,LINE 官方帳號,2026-09-10,20:00,,,,,,,,,
LINE_OA_LINE199,LINE199,LINE 官方帳號,2026-09-11,12:00,,,,,,,,,
LINE_OA_LINE200,LINE200,LINE 官方帳號,2026-09-11,20:00,,,,,,,,,
LINE_OA_LINE201,LINE201,LINE 官方帳號,2026-09-12,12:00,,,,,,,,,
LINE_OA_LINE202,LINE202,LINE 官方帳號,2026-09-12,20:00,,,,,,,,,
LINE_OA_LINE203,LINE203,LINE 官方帳號,2026-09-13,12:00,,,,,,,,,
LINE_OA_LINE204,LINE204,LINE 官方帳號,2026-09-13,20:00,,,,,,,,,
LINE_OA_LINE205,LINE205,LINE 官方帳號,2026-09-14,12:00,,,,,,,,,
LINE_OA_LINE206,LINE206,LINE 官方帳號,2026-09-14,20:00,,,,,,,,,
LINE_OA_LINE207,LINE207,LINE 官方帳號,2026-09-15,12:00,,,,,,,,,
LINE_OA_LINE208,LINE208,LINE 官方帳號,2026-09-15,20:00,,,,,,,,,
LINE_OA_LINE209,LINE209,LINE 官方帳號,2026-09-16,12:00,,,,,,,,,
LINE_OA_LINE210,LINE210,LINE 官方帳號,2026-09-16,20:00,,,,,,,,,
LINE_OA_LINE211,LINE211,LINE 官方帳號,2026-09-17,12:00,,,,,,,,,
LINE_OA_LINE212,LINE212,LINE 官方帳號,2026-09-17,20:00,,,,,,,,,
LINE_OA_LINE213,LINE213,LINE 官方帳號,2026-09-18,12:00,,,,,,,,,
LINE_OA_LINE214,LINE214,LINE 官方帳號,2026-09-18,20:00,,,,,,,,,
LINE_OA_LINE215,LINE215,LINE 官方帳號,2026-09-19,12:00,,,,,,,,,
LINE_OA_LINE216,LINE216,LINE 官方帳號,2026-09-19,20:00,,,,,,,,,
LINE_OA_LINE217,LINE217,LINE 官方帳號,2026-09-20,12:00,,,,,,,,,
LINE_OA_LINE218,LINE218,LINE 官方帳號,2026-09-20,20:00,,,,,,,,,
LINE_OA_LINE219,LINE219,LINE 官方帳號,2026-09-21,12:00,,,,,,,,,
LINE_OA_LINE220,LINE220,LINE 官方帳號,2026-09-21,20:00,,,,,,,,,
LINE_OA_LINE221,LINE221,LINE 官方帳號,2026-09-22,12:00,,,,,,,,,
LINE_OA_LINE222,LINE222,LINE 官方帳號,2026-09-22,20:00,,,,,,,,,
LINE_OA_LINE223,LINE223,LINE 官方帳號,2026-09-23,12:00,,,,,,,,,
LINE_OA_LINE224,LINE224,LINE 官方帳號,2026-09-23,20:00,,,,,,,,,
LINE_OA_LINE225,LINE225,LINE 官方帳號,2026-09-24,12:00,,,,,,,,,
LINE_OA_LINE226,LINE226,LINE 官方帳號,2026-09-24,20:00,,,,,,,,,
LINE_OA_LINE227,LINE227,LINE 官方帳號,2026-09-25,12:00,,,,,,,,,
LINE_OA_LINE228,LINE228,LINE 官方帳號,2026-09-25,20:00,,,,,,,,,
LINE_OA_LINE229,LINE229,LINE 官方帳號,2026-09-26,12:00,,,,,,,,,
LINE_OA_LINE230,LINE230,LINE 官方帳號,2026-09-26,20:00,,,,,,,,,
LINE_OA_LINE231,LINE231,LINE 官方帳號,2026-09-27,12:00,,,,,,,,,
LINE_OA_LINE232,LINE232,LINE 官方帳號,2026-09-27,20:00,,,,,,,,,
LINE_OA_LINE233,LINE233,LINE 官方帳號,2026-09-28,12:00,,,,,,,,,
LINE_OA_LINE234,LINE234,LINE 官方帳號,2026-09-28,20:00,,,,,,,,,
LINE_OA_LINE235,LINE235,LINE 官方帳號,2026-09-29,12:00,,,,,,,,,
LINE_OA_LINE236,LINE236,LINE 官方帳號,2026-09-29,20:00,,,,,,,,,
LINE_OA_LINE237,LINE237,LINE 官方帳號,2026-09-30,12:00,,,,,,,,,
LINE_OA_LINE238,LINE238,LINE 官方帳號,2026-09-30,20:00,,,,,,,,,
LINE_OA_LINE239,LINE239,LINE 官方帳號,2026-10-01,12:00,,,,,,,,,
LINE_OA_LINE240,LINE240,LINE 官方帳號,2026-10-01,20:00,,,,,,,,,
LINE_OA_LINE241,LINE241,LINE 官方帳號,2026-10-02,12:00,,,,,,,,,
LINE_OA_LINE242,LINE242,LINE 官方帳號,2026-10-02,20:00,,,,,,,,,
LINE_OA_LINE243,LINE243,LINE 官方帳號,2026-10-03,12:00,,,,,,,,,
LINE_OA_LINE244,LINE244,LINE 官方帳號,2026-10-03,20:00,,,,,,,,,
LINE_OA_LINE245,LINE245,LINE 官方帳號,2026-10-04,12:00,,,,,,,,,
LINE_OA_LINE246,LINE246,LINE 官方帳號,2026-10-04,20:00,,,,,,,,,
LINE_OA_LINE247,LINE247,LINE 官方帳號,2026-10-05,12:00,,,,,,,,,
LINE_OA_LINE248,LINE248,LINE 官方帳號,2026-10-05,20:00,,,,,,,,,
LINE_OA_LINE249,LINE249,LINE 官方帳號,2026-10-06,12:00,,,,,,,,,
LINE_OA_LINE250,LINE250,LINE 官方帳號,2026-10-06,20:00,,,,,,,,,
LINE_OA_LINE251,LINE251,LINE 官方帳號,2026-10-07,12:00,,,,,,,,,
LINE_OA_LINE252,LINE252,LINE 官方帳號,2026-10-07,20:00,,,,,,,,,
LINE_OA_LINE253,LINE253,LINE 官方帳號,2026-10-08,12:00,,,,,,,,,
LINE_OA_LINE254,LINE254,LINE 官方帳號,2026-10-08,20:00,,,,,,,,,
LINE_OA_LINE255,LINE255,LINE 官方帳號,2026-10-09,12:00,,,,,,,,,
LINE_OA_LINE256,LINE256,LINE 官方帳號,2026-10-09,20:00,,,,,,,,,
LINE_OA_LINE257,LINE257,LINE 官方帳號,2026-10-10,12:00,,,,,,,,,
LINE_OA_LINE258,LINE258,LINE 官方帳號,2026-10-10,20:00,,,,,,,,,
LINE_OA_LINE259,LINE259,LINE 官方帳號,2026-10-11,12:00,,,,,,,,,
LINE_OA_LINE260,LINE260,LINE 官方帳號,2026-10-11,20:00,,,,,,,,,
LINE_OA_LINE261,LINE261,LINE 官方帳號,2026-10-12,12:00,,,,,,,,,
LINE_OA_LINE262,LINE262,LINE 官方帳號,2026-10-12,20:00,,,,,,,,,
LINE_OA_LINE263,LINE263,LINE 官方帳號,2026-10-13,12:00,,,,,,,,,
LINE_OA_LINE264,LINE264,LINE 官方帳號,2026-10-13,20:00,,,,,,,,,
LINE_OA_LINE265,LINE265,LINE 官方帳號,2026-10-14,12:00,,,,,,,,,
LINE_OA_LINE266,LINE266,LINE 官方帳號,2026-10-14,20:00,,,,,,,,,
LINE_OA_LINE267,LINE267,LINE 官方帳號,2026-10-15,12:00,,,,,,,,,
LINE_OA_LINE268,LINE268,LINE 官方帳號,2026-10-15,20:00,,,,,,,,,
LINE_OA_LINE269,LINE269,LINE 官方帳號,2026-10-16,12:00,,,,,,,,,
LINE_OA_LINE270,LINE270,LINE 官方帳號,2026-10-16,20:00,,,,,,,,,
LINE_OA_LINE271,LINE271,LINE 官方帳號,2026-10-17,12:00,,,,,,,,,
LINE_OA_LINE272,LINE272,LINE 官方帳號,2026-10-17,20:00,,,,,,,,,
LINE_OA_LINE273,LINE273,LINE 官方帳號,2026-10-18,12:00,,,,,,,,,
LINE_OA_LINE274,LINE274,LINE 官方帳號,2026-10-18,20:00,,,,,,,,,
LINE_OA_LINE275,LINE275,LINE 官方帳號,2026-10-19,12:00,,,,,,,,,
LINE_OA_LINE276,LINE276,LINE 官方帳號,2026-10-19,20:00,,,,,,,,,
LINE_OA_LINE277,LINE277,LINE 官方帳號,2026-10-20,12:00,,,,,,,,,
LINE_OA_LINE278,LINE278,LINE 官方帳號,2026-10-20,20:00,,,,,,,,,
LINE_OA_LINE279,LINE279,LINE 官方帳號,2026-10-21,12:00,,,,,,,,,
LINE_OA_LINE280,LINE280,LINE 官方帳號,2026-10-21,20:00,,,,,,,,,
LINE_OA_LINE281,LINE281,LINE 官方帳號,2026-10-22,12:00,,,,,,,,,
LINE_OA_LINE282,LINE282,LINE 官方帳號,2026-10-22,20:00,,,,,,,,,
LINE_OA_LINE283,LINE283,LINE 官方帳號,2026-10-23,12:00,,,,,,,,,
LINE_OA_LINE284,LINE284,LINE 官方帳號,2026-10-23,20:00,,,,,,,,,
LINE_OA_LINE285,LINE285,LINE 官方帳號,2026-10-24,12:00,,,,,,,,,
LINE_OA_LINE286,LINE286,LINE 官方帳號,2026-10-24,20:00,,,,,,,,,
LINE_OA_LINE287,LINE287,LINE 官方帳號,2026-10-25,12:00,,,,,,,,,
LINE_OA_LINE288,LINE288,LINE 官方帳號,2026-10-25,20:00,,,,,,,,,
LINE_OA_LINE289,LINE289,LINE 官方帳號,2026-10-26,12:00,,,,,,,,,
LINE_OA_LINE290,LINE290,LINE 官方帳號,2026-10-26,20:00,,,,,,,,,
LINE_OA_LINE291,LINE291,LINE 官方帳號,2026-10-27,12:00,,,,,,,,,
LINE_OA_LINE292,LINE292,LINE 官方帳號,2026-10-27,20:00,,,,,,,,,
LINE_OA_LINE293,LINE293,LINE 官方帳號,2026-10-28,12:00,,,,,,,,,
LINE_OA_LINE294,LINE294,LINE 官方帳號,2026-10-28,20:00,,,,,,,,,
LINE_OA_LINE295,LINE295,LINE 官方帳號,2026-10-29,12:00,,,,,,,,,
LINE_OA_LINE296,LINE296,LINE 官方帳號,2026-10-29,20:00,,,,,,,,,
LINE_OA_LINE297,LINE297,LINE 官方帳號,2026-10-30,12:00,,,,,,,,,
LINE_OA_LINE298,LINE298,LINE 官方帳號,2026-10-30,20:00,,,,,,,,,
LINE_OA_LINE299,LINE299,LINE 官方帳號,2026-10-31,12:00,,,,,,,,,
LINE_OA_LINE300,LINE300,LINE 官方帳號,2026-10-31,20:00,,,,,,,,,
LINE_OA_LINE301,LINE301,LINE 官方帳號,2026-11-01,12:00,,,,,,,,,
LINE_OA_LINE302,LINE302,LINE 官方帳號,2026-11-01,20:00,,,,,,,,,
LINE_OA_LINE303,LINE303,LINE 官方帳號,2026-11-02,12:00,,,,,,,,,
LINE_OA_LINE304,LINE304,LINE 官方帳號,2026-11-02,20:00,,,,,,,,,
LINE_OA_LINE305,LINE305,LINE 官方帳號,2026-11-03,12:00,,,,,,,,,
LINE_OA_LINE306,LINE306,LINE 官方帳號,2026-11-03,20:00,,,,,,,,,
LINE_OA_LINE307,LINE307,LINE 官方帳號,2026-11-04,12:00,,,,,,,,,
LINE_OA_LINE308,LINE308,LINE 官方帳號,2026-11-04,20:00,,,,,,,,,
LINE_OA_LINE309,LINE309,LINE 官方帳號,2026-11-05,12:00,,,,,,,,,
LINE_OA_LINE310,LINE310,LINE 官方帳號,2026-11-05,20:00,,,,,,,,,
LINE_OA_LINE311,LINE311,LINE 官方帳號,2026-11-06,12:00,,,,,,,,,
LINE_OA_LINE312,LINE312,LINE 官方帳號,2026-11-06,20:00,,,,,,,,,
LINE_OA_LINE313,LINE313,LINE 官方帳號,2026-11-07,12:00,,,,,,,,,
LINE_OA_LINE314,LINE314,LINE 官方帳號,2026-11-07,20:00,,,,,,,,,
LINE_OA_LINE315,LINE315,LINE 官方帳號,2026-11-08,12:00,,,,,,,,,
LINE_OA_LINE316,LINE316,LINE 官方帳號,2026-11-08,20:00,,,,,,,,,
LINE_OA_LINE317,LINE317,LINE 官方帳號,2026-11-09,12:00,,,,,,,,,
LINE_OA_LINE318,LINE318,LINE 官方帳號,2026-11-09,20:00,,,,,,,,,
LINE_OA_LINE319,LINE319,LINE 官方帳號,2026-11-10,12:00,,,,,,,,,
LINE_OA_LINE320,LINE320,LINE 官方帳號,2026-11-10,20:00,,,,,,,,,
LINE_OA_LINE321,LINE321,LINE 官方帳號,2026-11-11,12:00,,,,,,,,,
LINE_OA_LINE322,LINE322,LINE 官方帳號,2026-11-11,20:00,,,,,,,,,
LINE_OA_LINE323,LINE323,LINE 官方帳號,2026-11-12,12:00,,,,,,,,,
LINE_OA_LINE324,LINE324,LINE 官方帳號,2026-11-12,20:00,,,,,,,,,
LINE_OA_LINE325,LINE325,LINE 官方帳號,2026-11-13,12:00,,,,,,,,,
LINE_OA_LINE326,LINE326,LINE 官方帳號,2026-11-13,20:00,,,,,,,,,
LINE_OA_LINE327,LINE327,LINE 官方帳號,2026-11-14,12:00,,,,,,,,,
LINE_OA_LINE328,LINE328,LINE 官方帳號,2026-11-14,20:00,,,,,,,,,
LINE_OA_LINE329,LINE329,LINE 官方帳號,2026-11-15,12:00,,,,,,,,,
LINE_OA_LINE330,LINE330,LINE 官方帳號,2026-11-15,20:00,,,,,,,,,
LINE_OA_LINE331,LINE331,LINE 官方帳號,2026-11-16,12:00,,,,,,,,,
LINE_OA_LINE332,LINE332,LINE 官方帳號,2026-11-16,20:00,,,,,,,,,
LINE_OA_LINE333,LINE333,LINE 官方帳號,2026-11-17,12:00,,,,,,,,,
LINE_OA_LINE334,LINE334,LINE 官方帳號,2026-11-17,20:00,,,,,,,,,
LINE_OA_LINE335,LINE335,LINE 官方帳號,2026-11-18,12:00,,,,,,,,,
LINE_OA_LINE336,LINE336,LINE 官方帳號,2026-11-18,20:00,,,,,,,,,
LINE_OA_LINE337,LINE337,LINE 官方帳號,2026-11-19,12:00,,,,,,,,,
LINE_OA_LINE338,LINE338,LINE 官方帳號,2026-11-19,20:00,,,,,,,,,
LINE_OA_LINE339,LINE339,LINE 官方帳號,2026-11-20,12:00,,,,,,,,,
LINE_OA_LINE340,LINE340,LINE 官方帳號,2026-11-20,20:00,,,,,,,,,
LINE_OA_LINE341,LINE341,LINE 官方帳號,2026-11-21,12:00,,,,,,,,,
LINE_OA_LINE342,LINE342,LINE 官方帳號,2026-11-21,20:00,,,,,,,,,
LINE_OA_LINE343,LINE343,LINE 官方帳號,2026-11-22,12:00,,,,,,,,,
LINE_OA_LINE344,LINE344,LINE 官方帳號,2026-11-22,20:00,,,,,,,,,
LINE_OA_LINE345,LINE345,LINE 官方帳號,2026-11-23,12:00,,,,,,,,,
LINE_OA_LINE346,LINE346,LINE 官方帳號,2026-11-23,20:00,,,,,,,,,
LINE_OA_LINE347,LINE347,LINE 官方帳號,2026-11-24,12:00,,,,,,,,,
LINE_OA_LINE348,LINE348,LINE 官方帳號,2026-11-24,20:00,,,,,,,,,
LINE_OA_LINE349,LINE349,LINE 官方帳號,2026-11-25,12:00,,,,,,,,,
LINE_OA_LINE350,LINE350,LINE 官方帳號,2026-11-25,20:00,,,,,,,,,
LINE_OA_LINE351,LINE351,LINE 官方帳號,2026-11-26,12:00,,,,,,,,,
LINE_OA_LINE352,LINE352,LINE 官方帳號,2026-11-26,20:00,,,,,,,,,
LINE_OA_LINE353,LINE353,LINE 官方帳號,2026-11-27,12:00,,,,,,,,,
LINE_OA_LINE354,LINE354,LINE 官方帳號,2026-11-27,20:00,,,,,,,,,
LINE_OA_LINE355,LINE355,LINE 官方帳號,2026-11-28,12:00,,,,,,,,,
LINE_OA_LINE356,LINE356,LINE 官方帳號,2026-11-28,20:00,,,,,,,,,
LINE_OA_LINE357,LINE357,LINE 官方帳號,2026-11-29,12:00,,,,,,,,,
LINE_OA_LINE358,LINE358,LINE 官方帳號,2026-11-29,20:00,,,,,,,,,
LINE_OA_LINE359,LINE359,LINE 官方帳號,2026-11-30,12:00,,,,,,,,,
LINE_OA_LINE360,LINE360,LINE 官方帳號,2026-11-30,20:00,,,,,,,,,
